Participant_Info_Consent.block_1/Consent,participant,session,STUDY_ID,date,expName,psychopyVersion,OS,frameRate,dissent.started,dissent.stopped,Exclusion_Criteria_1.block_1/Mental_health_conditions,exclusion.started,exclusion.stopped,GroupAllocation.started,GroupAllocation.stopped,group,survey_demographics_IU.block_1/Sex,survey_demographics_IU.block_1/Age,survey_demographics_IU.block_1/Education,survey_demographics_IU.block_1/Ethnicity,survey_demographics_IU.block_1/Politics,survey_demographics_IU.block_1/IU_scale.q1,survey_demographics_IU.block_1/IU_scale.q2,survey_demographics_IU.block_1/IU_scale.q3,survey_demographics_IU.block_1/IU_scale.q5,survey_demographics_IU.block_1/IU_scale.q6,survey_demographics_IU.block_1/IU_scale.q7,survey_demographics_IU.block_1/IU_scale.q8,survey_demographics_IU.block_1/IU_scale.q9,survey_demographics_IU.block_1/IU_scale.q10,survey_demographics_IU.block_1/IU_scale.q11,survey_demographics_IU.block_1/IU_scale.q12,Instructions.started,Instructions.stopped,Example.started,Example.stopped,Trials.started,Trials.stopped,Score,RT,response.x,response.y,response.leftButton,response.midButton,response.rightButton,response.clicked_name,Feedback.started,Feedback.stopped,trials.thisRepN,trials.thisTrialN,trials.thisN,trials.thisIndex,trials.ran,rule,card,corrAns,blocks.thisRepN,blocks.thisTrialN,blocks.thisN,blocks.thisIndex,blocks.ran,useRows,Scenarios.block_1/Expert Panel,Scenarios.block_1/Team Tension,Scenarios.block_1/Networking Gaffe,Scenarios.block_1/Viral Oversight,Scenarios.block_1/question16,ProgressBar.started,ProgressBar.stopped,feedback_50.started,feedback_50.stopped,press_spacebar_2.keys,press_spacebar_2.rt,press_spacebar_2.duration,show_feeback_hi.thisRepN,show_feeback_hi.thisTrialN,show_feeback_hi.thisN,show_feeback_hi.thisIndex,show_feeback_hi.ran,ETMS_survey_end.block_1/Epistemic Trust Mistrust.ETMS_1,ETMS_survey_end.block_1/Epistemic Trust Mistrust.ETMS_2,ETMS_survey_end.block_1/Epistemic Trust Mistrust.ETMS_3,ETMS_survey_end.block_1/Epistemic Trust Mistrust.ETMS_5,ETMS_survey_end.block_1/Epistemic Trust Mistrust.ETMS_4,ETMS_survey_end.block_1/Epistemic Trust Mistrust.ETMS_6,ETMS_survey_end.block_1/Epistemic Trust Mistrust.ETMS_7,ETMS_survey_end.block_1/Epistemic Trust Mistrust.ETMS_8,ETMS_survey_end.block_1/Epistemic Trust Mistrust.ETMS_9,ETMS_survey_end.block_1/Epistemic Trust Mistrust.ETMS_10,ETMS_survey_end.block_1/Epistemic Trust Mistrust.ETMS_11,ETMS_survey_end.block_1/Epistemic Trust Mistrust.ETMS_12,ETMS_survey_end.block_1/Epistemic Trust Mistrust.ETMS_13,ETMS_survey_end.block_1/Epistemic Trust Mistrust.ETMS_14,ETMS_survey_end.block_1/Epistemic Trust Mistrust.ETMS_15,ETMS_survey_end.block_1/Epistemic Trust Mistrust.ETMS_16,ETMS_survey_end.block_1/Epistemic Trust Mistrust.ETMS_17,ETMS_survey_end.block_1/Epistemic Trust Mistrust.ETMS_18,ETMS_survey_end.block_1/Feedback check.Q1,ETMS_survey_end.block_1/Feedback check.Q2,ETMS_survey_end.block_1/Feedback check.Q3,ETMS_survey_end.block_1/StudyPurpose,ETMS_survey_end.block_1/WereYouEvaluated,ETMS_survey_end.block_1/Feedback_interpretation,ETMS_survey_end.block_1/Suspicious,ETMS_survey_end.block_1/Disclosure,ETMS_survey_end.block_1/Data use,End.started,End.stopped
1,6a24e048833a5201b79aea46,6aa21d28c09bd854c58a55b3,6aa09bb296af1050f055ee3b,2026-09-09_20h03.40.788,Reading the Room,2026.1.3,Win32,59.88023952,,,,,,,,,,,,,,,,,,,,,,,,,,,,,,,,,,,,,,,,,,,,,,,,,,,,,,,,,,,,,,,,,,,,,,,,,,,,,,,,,,,,,,,,,,,,,,,,,,,,
,6a24e048833a5201b79aea46,6aa21d28c09bd854c58a55b3,6aa09bb296af1050f055ee3b,2026-09-09_20h03.40.788,Reading the Room,2026.1.3,Win32,59.88023952,12.0877,12.1008,,,,,,,,,,,,,,,,,,,,,,,,,,,,,,,,,,,,,,,,,,,,,,,,,,,,,,,,,,,,,,,,,,,,,,,,,,,,,,,,,,,,,,,,,,,,,,,,,,
,6a24e048833a5201b79aea46,6aa21d28c09bd854c58a55b3,6aa09bb296af1050f055ee3b,2026-09-09_20h03.40.788,Reading the Room,2026.1.3,Win32,59.88023952,,,0,,,,,,,,,,,,,,,,,,,,,,,,,,,,,,,,,,,,,,,,,,,,,,,,,,,,,,,,,,,,,,,,,,,,,,,,,,,,,,,,,,,,,,,,,,,,,,,,,
,6a24e048833a5201b79aea46,6aa21d28c09bd854c58a55b3,6aa09bb296af1050f055ee3b,2026-09-09_20h03.40.788,Reading the Room,2026.1.3,Win32,59.88023952,,,,14.4348,14.4369,,,,,,,,,,,,,,,,,,,,,,,,,,,,,,,,,,,,,,,,,,,,,,,,,,,,,,,,,,,,,,,,,,,,,,,,,,,,,,,,,,,,,,,,,,,,,,,
,6a24e048833a5201b79aea46,38,6aa09bb296af1050f055ee3b,2026-09-09_20h03.40.788,Reading the Room,2026.1.3,Win32,59.88023952,,,,,,15.2315,15.2318,2,,,,,,,,,,,,,,,,,,,,,,,,,,,,,,,,,,,,,,,,,,,,,,,,,,,,,,,,,,,,,,,,,,,,,,,,,,,,,,,,,,,,,,,,,,,,
,6a24e048833a5201b79aea46,38,6aa09bb296af1050f055ee3b,2026-09-09_20h03.40.788,Reading the Room,2026.1.3,Win32,59.88023952,,,,,,,,2,1,18,2,10,3,2,2,2,3,3,3,4,2,1,1,1,,,,,,,,,,,,,,,,,,,,,,,,,,,,,,,,,,,,,,,,,,,,,,,,,,,,,,,,,,,,,,,,,,,,,,,,,,,,
,6a24e048833a5201b79aea46,38,6aa09bb296af1050f055ee3b,2026-09-09_20h03.40.788,Reading the Room,2026.1.3,Win32,59.88023952,,,,,,,,2,,,,,,,,,,,,,,,,,47.0179,87.7442,,,,,,,,,,,,,,,,,,,,,,,,,,,,,,,,,,,,,,,,,,,,,,,,,,,,,,,,,,,,,,,,,,,,,,,,,,
,6a24e048833a5201b79aea46,38,6aa09bb296af1050f055ee3b,2026-09-09_20h03.40.788,Reading the Room,2026.1.3,Win32,59.88023952,,,,,,,,2,,,,,,,,,,,,,,,,,,,87.7444,95.0032,,,,,,,,,,,,,,,,,,,,,,,,,,,,,,,,,,,,,,,,,,,,,,,,,,,,,,,,,,,,,,,,,,,,,,,,
,6a24e048833a5201b79aea46,38,6aa09bb296af1050f055ee3b,2026-09-09_20h03.40.788,Reading the Room,2026.1.3,Win32,59.88023952,,,,,,,,2,,,,,,,,,,,,,,,,,,,,,95.0503,96.9252,1,1873,-0.110185199,0.163888896,1,0,0,two_yellow_triangles,96.9261,97.9204,0,0,0,31,1,colour,images/2yellowTriangles.jpg,two_yellow_triangles,,,,,,,,,,,,,,,,,,,,,,,,,,,,,,,,,,,,,,,,,,,,,,,,,,,,
,6a24e048833a5201b79aea46,38,6aa09bb296af1050f055ee3b,2026-09-09_20h03.40.788,Reading the Room,2026.1.3,Win32,59.88023952,,,,,,,,2,,,,,,,,,,,,,,,,,,,,,97.9225,100.2024,0,2280,0.329629686,0.260185189,1,0,0,four_blue_stars,100.2036,101.2023,0,1,1,58,1,colour,images/4redStars.jpg,one_red_dot,,,,,,,,,,,,,,,,,,,,,,,,,,,,,,,,,,,,,,,,,,,,,,,,,,,,
,6a24e048833a5201b79aea46,38,6aa09bb296af1050f055ee3b,2026-09-09_20h03.40.788,Reading the Room,2026.1.3,Win32,59.88023952,,,,,,,,2,,,,,,,,,,,,,,,,,,,,,101.2032,102.9694,1,1766,-0.359259252,0.221296293,1,0,0,one_red_dot,102.9723,103.9693,0,2,2,26,1,colour,images/2redStars.jpg,one_red_dot,,,,,,,,,,,,,,,,,,,,,,,,,,,,,,,,,,,,,,,,,,,,,,,,,,,,
,6a24e048833a5201b79aea46,38,6aa09bb296af1050f055ee3b,2026-09-09_20h03.40.788,Reading the Room,2026.1.3,Win32,59.88023952,,,,,,,,2,,,,,,,,,,,,,,,,,,,,,103.9717,105.6524,1,1681,0.123148176,0.247222212,1,0,0,three_green_crosses,105.6531,106.6524,0,3,3,39,1,colour,images/3greenTriangles.jpg,three_green_crosses,,,,,,,,,,,,,,,,,,,,,,,,,,,,,,,,,,,,,,,,,,,,,,,,,,,,
,6a24e048833a5201b79aea46,38,6aa09bb296af1050f055ee3b,2026-09-09_20h03.40.788,Reading the Room,2026.1.3,Win32,59.88023952,,,,,,,,2,,,,,,,,,,,,,,,,,,,,,106.6553,108.3358,1,1681,0.291666667,0.209259263,1,0,0,four_blue_stars,108.3362,109.3354,0,4,4,34,1,colour,images/3blueStars.jpg,four_blue_stars,,,,,,,,,,,,,,,,,,,,,,,,,,,,,,,,,,,,,,,,,,,,,,,,,,,,
,6a24e048833a5201b79aea46,38,6aa09bb296af1050f055ee3b,2026-09-09_20h03.40.788,Reading the Room,2026.1.3,Win32,59.88023952,,,,,,,,2,,,,,,,,,,,,,,,,,,,,,109.3378,113.1613,1,3824,0.084259245,0.226851852,1,0,0,three_green_crosses,113.1617,114.1519,0,5,5,23,1,colour,images/2greenTriangles.jpg,three_green_crosses,,,,,,,,,,,,,,,,,,,,,,,,,,,,,,,,,,,,,,,,,,,,,,,,,,,,
,6a24e048833a5201b79aea46,38,6aa09bb296af1050f055ee3b,2026-09-09_20h03.40.788,Reading the Room,2026.1.3,Win32,59.88023952,,,,,,,,2,,,,,,,,,,,,,,,,,,,,,114.1546,115.8886,1,1735,0.112037023,0.211111104,1,0,0,three_green_crosses,115.889,116.8932,0,6,6,5,1,colour,images/1greenDot.jpg,three_green_crosses,,,,,,,,,,,,,,,,,,,,,,,,,,,,,,,,,,,,,,,,,,,,,,,,,,,,
,6a24e048833a5201b79aea46,38,6aa09bb296af1050f055ee3b,2026-09-09_20h03.40.788,Reading the Room,2026.1.3,Win32,59.88023952,,,,,,,,2,,,,,,,,,,,,,,,,,,,,,,,,,,,,,,,,,,,,,,,,,0,0,0,0,1,0:64,,,,,,,,,,,,,,,,,,,,,,,,,,,,,,,,,,,,,,,,,,,,,,
,6a24e048833a5201b79aea46,38,6aa09bb296af1050f055ee3b,2026-09-09_20h03.40.788,Reading the Room,2026.1.3,Win32,59.88023952,,,,,,,,2,,,,,,,,,,,,,,,,,,,,,116.9104,119.1012,0,2191,0.348148205,0.216666663,1,0,0,four_blue_stars,119.1024,120.1026,0,0,0,34,1,number,images/3blueStars.jpg,three_green_crosses,,,,,,,,,,,,,,,,,,,,,,,,,,,,,,,,,,,,,,,,,,,,,,,,,,,,
,6a24e048833a5201b79aea46,38,6aa09bb296af1050f055ee3b,2026-09-09_20h03.40.788,Reading the Room,2026.1.3,Win32,59.88023952,,,,,,,,2,,,,,,,,,,,,,,,,,,,,,120.1043,122.1106,1,2007,0.14444443,0.232407411,1,0,0,three_green_crosses,122.112,123.1017,0,1,1,43,1,number,images/3redTriangles.jpg,three_green_crosses,,,,,,,,,,,,,,,,,,,,,,,,,,,,,,,,,,,,,,,,,,,,,,,,,,,,
,6a24e048833a5201b79aea46,38,6aa09bb296af1050f055ee3b,2026-09-09_20h03.40.788,Reading the Room,2026.1.3,Win32,59.88023952,,,,,,,,2,,,,,,,,,,,,,,,,,,,,,123.1039,125.285,1,2181,0.380555612,0.224999993,1,0,0,four_blue_stars,125.2855,126.2763,0,2,2,49,1,number,images/4blueDots.jpg,four_blue_stars,,,,,,,,,,,,,,,,,,,,,,,,,,,,,,,,,,,,,,,,,,,,,,,,,,,,
,6a24e048833a5201b79aea46,38,6aa09bb296af1050f055ee3b,2026-09-09_20h03.40.788,Reading the Room,2026.1.3,Win32,59.88023952,,,,,,,,2,,,,,,,,,,,,,,,,,,,,,126.2779,128.3721,1,2094,-0.322222215,0.286111108,1,0,0,one_red_dot,128.3723,129.3682,0,3,3,6,1,number,images/1greenStar.jpg,one_red_dot,,,,,,,,,,,,,,,,,,,,,,,,,,,,,,,,,,,,,,,,,,,,,,,,,,,,
,6a24e048833a5201b79aea46,38,6aa09bb296af1050f055ee3b,2026-09-09_20h03.40.788,Reading the Room,2026.1.3,Win32,59.88023952,,,,,,,,2,,,,,,,,,,,,,,,,,,,,,129.371,131.9617,1,2591,-0.349074081,0.200925933,1,0,0,one_red_dot,131.9619,132.9517,0,4,4,2,1,number,images/1blueStar.jpg,one_red_dot,,,,,,,,,,,,,,,,,,,,,,,,,,,,,,,,,,,,,,,,,,,,,,,,,,,,
,6a24e048833a5201b79aea46,38,6aa09bb296af1050f055ee3b,2026-09-09_20h03.40.788,Reading the Room,2026.1.3,Win32,59.88023952,,,,,,,,2,,,,,,,,,,,,,,,,,,,,,132.954,135.0515,1,2098,0.094444487,0.202777757,1,0,0,three_green_crosses,135.0523,136.0521,0,5,5,45,1,number,images/3yellowDots.jpg,three_green_crosses,,,,,,,,,,,,,,,,,,,,,,,,,,,,,,,,,,,,,,,,,,,,,,,,,,,,
,6a24e048833a5201b79aea46,38,6aa09bb296af1050f055ee3b,2026-09-09_20h03.40.788,Reading the Room,2026.1.3,Win32,59.88023952,,,,,,,,2,,,,,,,,,,,,,,,,,,,,,136.0536,138.2339,1,2181,0.335185157,0.204629633,1,0,0,four_blue_stars,138.2343,139.2345,0,6,6,57,1,number,images/4redDots.jpg,four_blue_stars,,,,,,,,,,,,,,,,,,,,,,,,,,,,,,,,,,,,,,,,,,,,,,,,,,,,
,6a24e048833a5201b79aea46,38,6aa09bb296af1050f055ee3b,2026-09-09_20h03.40.788,Reading the Room,2026.1.3,Win32,59.88023952,,,,,,,,2,,,,,,,,,,,,,,,,,,,,,,,,,,,,,,,,,,,,,,,,,0,1,1,1,1,64:128,,,,,,,,,,,,,,,,,,,,,,,,,,,,,,,,,,,,,,,,,,,,,,
,6a24e048833a5201b79aea46,38,6aa09bb296af1050f055ee3b,2026-09-09_20h03.40.788,Reading the Room,2026.1.3,Win32,59.88023952,,,,,,,,2,,,,,,,,,,,,,,,,,,,,,139.248,141.3673,0,2119,0.425925926,0.242592582,1,0,0,four_blue_stars,141.3682,142.368,0,0,0,60,1,shape,images/4yellowCrosses.jpg,three_green_crosses,,,,,,,,,,,,,,,,,,,,,,,,,,,,,,,,,,,,,,,,,,,,,,,,,,,,
,6a24e048833a5201b79aea46,38,6aa09bb296af1050f055ee3b,2026-09-09_20h03.40.788,Reading the Room,2026.1.3,Win32,59.88023952,,,,,,,,2,,,,,,,,,,,,,,,,,,,,,142.369,147.0168,0,4648,-0.119444459,0.233333323,1,0,0,two_yellow_triangles,147.0171,148.0178,0,1,1,24,1,shape,images/2redCrosses.jpg,three_green_crosses,,,,,,,,,,,,,,,,,,,,,,,,,,,,,,,,,,,,,,,,,,,,,,,,,,,,
,6a24e048833a5201b79aea46,38,6aa09bb296af1050f055ee3b,2026-09-09_20h03.40.788,Reading the Room,2026.1.3,Win32,59.88023952,,,,,,,,2,,,,,,,,,,,,,,,,,,,,,148.0193,149.6505,0,1631,-0.106481481,0.208333333,1,0,0,two_yellow_triangles,149.6508,150.6509,0,2,2,45,1,shape,images/3yellowDots.jpg,one_red_dot,,,,,,,,,,,,,,,,,,,,,,,,,,,,,,,,,,,,,,,,,,,,,,,,,,,,
,6a24e048833a5201b79aea46,38,6aa09bb296af1050f055ee3b,2026-09-09_20h03.40.788,Reading the Room,2026.1.3,Win32,59.88023952,,,,,,,,2,,,,,,,,,,,,,,,,,,,,,150.6528,152.7839,0,2132,-0.326851845,0.224999993,1,0,0,one_red_dot,152.7841,153.7839,0,3,3,2,1,shape,images/1blueStar.jpg,four_blue_stars,,,,,,,,,,,,,,,,,,,,,,,,,,,,,,,,,,,,,,,,,,,,,,,,,,,,
,6a24e048833a5201b79aea46,38,6aa09bb296af1050f055ee3b,2026-09-09_20h03.40.788,Reading the Room,2026.1.3,Win32,59.88023952,,,,,,,,2,,,,,,,,,,,,,,,,,,,,,153.7855,155.4171,0,1632,0.124074088,0.189814815,1,0,0,three_green_crosses,155.4174,156.4172,0,4,4,38,1,shape,images/3greenStars.jpg,four_blue_stars,,,,,,,,,,,,,,,,,,,,,,,,,,,,,,,,,,,,,,,,,,,,,,,,,,,,
,6a24e048833a5201b79aea46,38,6aa09bb296af1050f055ee3b,2026-09-09_20h03.40.788,Reading the Room,2026.1.3,Win32,59.88023952,,,,,,,,2,,,,,,,,,,,,,,,,,,,,,156.4187,158.75,0,2332,-0.135185171,0.212962963,1,0,0,two_yellow_triangles,158.7503,159.7498,0,5,5,16,1,shape,images/2blueCrosses.jpg,three_green_crosses,,,,,,,,,,,,,,,,,,,,,,,,,,,,,,,,,,,,,,,,,,,,,,,,,,,,
,6a24e048833a5201b79aea46,38,6aa09bb296af1050f055ee3b,2026-09-09_20h03.40.788,Reading the Room,2026.1.3,Win32,59.88023952,,,,,,,,2,,,,,,,,,,,,,,,,,,,,,159.7511,161.7662,1,2015,0.377777806,0.278703707,1,0,0,four_blue_stars,161.7676,162.7673,0,6,6,62,1,shape,images/4yellowStars.jpg,four_blue_stars,,,,,,,,,,,,,,,,,,,,,,,,,,,,,,,,,,,,,,,,,,,,,,,,,,,,
,6a24e048833a5201b79aea46,38,6aa09bb296af1050f055ee3b,2026-09-09_20h03.40.788,Reading the Room,2026.1.3,Win32,59.88023952,,,,,,,,2,,,,,,,,,,,,,,,,,,,,,,,,,,,,,,,,,,,,,,,,,0,2,2,2,1,128:192,,,,,,,,,,,,,,,,,,,,,,,,,,,,,,,,,,,,,,,,,,,,,,
,6a24e048833a5201b79aea46,38,6aa09bb296af1050f055ee3b,2026-09-09_20h03.40.788,Reading the Room,2026.1.3,Win32,59.88023952,,,,,,,,2,,,,,,,,,,,,,,,,,,,,,162.7845,164.866,1,2082,-0.419444437,0.193518497,1,0,0,one_red_dot,164.8669,165.8669,0,0,0,13,1,shape,images/1yellowDot.jpg,one_red_dot,,,,,,,,,,,,,,,,,,,,,,,,,,,,,,,,,,,,,,,,,,,,,,,,,,,,
,6a24e048833a5201b79aea46,38,6aa09bb296af1050f055ee3b,2026-09-09_20h03.40.788,Reading the Room,2026.1.3,Win32,59.88023952,,,,,,,,2,,,,,,,,,,,,,,,,,,,,,165.8684,167.733,1,1865,-0.375925912,0.212962963,1,0,0,one_red_dot,167.7334,168.7329,0,1,1,9,1,shape,images/1redDot.jpg,one_red_dot,,,,,,,,,,,,,,,,,,,,,,,,,,,,,,,,,,,,,,,,,,,,,,,,,,,,
,6a24e048833a5201b79aea46,38,6aa09bb296af1050f055ee3b,2026-09-09_20h03.40.788,Reading the Room,2026.1.3,Win32,59.88023952,,,,,,,,2,,,,,,,,,,,,,,,,,,,,,168.7347,170.7661,1,2032,-0.359259252,0.199074074,1,0,0,one_red_dot,170.7663,171.7665,0,2,2,17,1,shape,images/2blueDots.jpg,one_red_dot,,,,,,,,,,,,,,,,,,,,,,,,,,,,,,,,,,,,,,,,,,,,,,,,,,,,
,6a24e048833a5201b79aea46,38,6aa09bb296af1050f055ee3b,2026-09-09_20h03.40.788,Reading the Room,2026.1.3,Win32,59.88023952,,,,,,,,2,,,,,,,,,,,,,,,,,,,,,171.7674,173.8154,1,2048,-0.38703703,0.2462963,1,0,0,one_red_dot,173.816,174.8161,0,3,3,33,1,shape,images/3blueDots.jpg,one_red_dot,,,,,,,,,,,,,,,,,,,,,,,,,,,,,,,,,,,,,,,,,,,,,,,,,,,,
,6a24e048833a5201b79aea46,38,6aa09bb296af1050f055ee3b,2026-09-09_20h03.40.788,Reading the Room,2026.1.3,Win32,59.88023952,,,,,,,,2,,,,,,,,,,,,,,,,,,,,,174.8172,176.7159,1,1899,0.15370369,0.227777781,1,0,0,three_green_crosses,176.7162,177.716,0,4,4,56,1,shape,images/4redCrosses.jpg,three_green_crosses,,,,,,,,,,,,,,,,,,,,,,,,,,,,,,,,,,,,,,,,,,,,,,,,,,,,
,6a24e048833a5201b79aea46,38,6aa09bb296af1050f055ee3b,2026-09-09_20h03.40.788,Reading the Room,2026.1.3,Win32,59.88023952,,,,,,,,2,,,,,,,,,,,,,,,,,,,,,177.7175,179.4993,1,1782,-0.079629616,0.209259263,1,0,0,two_yellow_triangles,179.4996,180.4989,0,5,5,11,1,shape,images/1redTriangle.jpg,two_yellow_triangles,,,,,,,,,,,,,,,,,,,,,,,,,,,,,,,,,,,,,,,,,,,,,,,,,,,,
,6a24e048833a5201b79aea46,38,6aa09bb296af1050f055ee3b,2026-09-09_20h03.40.788,Reading the Room,2026.1.3,Win32,59.88023952,,,,,,,,2,,,,,,,,,,,,,,,,,,,,,180.4995,182.2159,1,1716,-0.079629616,0.209259263,1,0,0,two_yellow_triangles,182.216,183.2149,0,6,6,7,1,shape,images/1greenTriangle.jpg,two_yellow_triangles,,,,,,,,,,,,,,,,,,,,,,,,,,,,,,,,,,,,,,,,,,,,,,,,,,,,
,6a24e048833a5201b79aea46,38,6aa09bb296af1050f055ee3b,2026-09-09_20h03.40.788,Reading the Room,2026.1.3,Win32,59.88023952,,,,,,,,2,,,,,,,,,,,,,,,,,,,,,,,,,,,,,,,,,,,,,,,,,1,0,3,2,1,128:192,,,,,,,,,,,,,,,,,,,,,,,,,,,,,,,,,,,,,,,,,,,,,,
,6a24e048833a5201b79aea46,38,6aa09bb296af1050f055ee3b,2026-09-09_20h03.40.788,Reading the Room,2026.1.3,Win32,59.88023952,,,,,,,,2,,,,,,,,,,,,,,,,,,,,,183.2289,185.6156,0,2387,0.288888931,0.226851852,1,0,0,four_blue_stars,185.6168,186.6155,0,0,0,38,1,colour,images/3greenStars.jpg,three_green_crosses,,,,,,,,,,,,,,,,,,,,,,,,,,,,,,,,,,,,,,,,,,,,,,,,,,,,
,6a24e048833a5201b79aea46,38,6aa09bb296af1050f055ee3b,2026-09-09_20h03.40.788,Reading the Room,2026.1.3,Win32,59.88023952,,,,,,,,2,,,,,,,,,,,,,,,,,,,,,186.6166,188.5483,1,1932,0.074999986,0.201851845,1,0,0,three_green_crosses,188.5499,189.5485,0,1,1,36,1,colour,images/3greenCrosses.jpg,three_green_crosses,,,,,,,,,,,,,,,,,,,,,,,,,,,,,,,,,,,,,,,,,,,,,,,,,,,,
,6a24e048833a5201b79aea46,38,6aa09bb296af1050f055ee3b,2026-09-09_20h03.40.788,Reading the Room,2026.1.3,Win32,59.88023952,,,,,,,,2,,,,,,,,,,,,,,,,,,,,,189.5501,191.9314,1,2382,0.36018527,0.238888882,1,0,0,four_blue_stars,191.9319,192.9319,0,2,2,48,1,colour,images/4blueCrosses.jpg,four_blue_stars,,,,,,,,,,,,,,,,,,,,,,,,,,,,,,,,,,,,,,,,,,,,,,,,,,,,
,6a24e048833a5201b79aea46,38,6aa09bb296af1050f055ee3b,2026-09-09_20h03.40.788,Reading the Room,2026.1.3,Win32,59.88023952,,,,,,,,2,,,,,,,,,,,,,,,,,,,,,192.9337,195.8313,1,2898,0.361111111,0.215740734,1,0,0,four_blue_stars,195.8316,196.831,0,3,3,0,1,colour,images/1blueCross.jpg,four_blue_stars,,,,,,,,,,,,,,,,,,,,,,,,,,,,,,,,,,,,,,,,,,,,,,,,,,,,
,6a24e048833a5201b79aea46,38,6aa09bb296af1050f055ee3b,2026-09-09_20h03.40.788,Reading the Room,2026.1.3,Win32,59.88023952,,,,,,,,2,,,,,,,,,,,,,,,,,,,,,196.8323,200.0475,1,3215,0.07222225,0.193518497,1,0,0,three_green_crosses,200.0478,201.0479,0,4,4,23,1,colour,images/2greenTriangles.jpg,three_green_crosses,,,,,,,,,,,,,,,,,,,,,,,,,,,,,,,,,,,,,,,,,,,,,,,,,,,,
,6a24e048833a5201b79aea46,38,6aa09bb296af1050f055ee3b,2026-09-09_20h03.40.788,Reading the Room,2026.1.3,Win32,59.88023952,,,,,,,,2,,,,,,,,,,,,,,,,,,,,,201.0491,203.0142,1,1965,-0.121296282,0.186111097,1,0,0,two_yellow_triangles,203.0145,204.0148,0,5,5,44,1,colour,images/3yellowCrosses.jpg,two_yellow_triangles,,,,,,,,,,,,,,,,,,,,,,,,,,,,,,,,,,,,,,,,,,,,,,,,,,,,
,6a24e048833a5201b79aea46,38,6aa09bb296af1050f055ee3b,2026-09-09_20h03.40.788,Reading the Room,2026.1.3,Win32,59.88023952,,,,,,,,2,,,,,,,,,,,,,,,,,,,,,204.0158,205.7977,1,1782,0.098148134,0.187962956,1,0,0,three_green_crosses,205.798,206.7978,0,6,6,53,1,colour,images/4greenDots.jpg,three_green_crosses,,,,,,,,,,,,,,,,,,,,,,,,,,,,,,,,,,,,,,,,,,,,,,,,,,,,
,6a24e048833a5201b79aea46,38,6aa09bb296af1050f055ee3b,2026-09-09_20h03.40.788,Reading the Room,2026.1.3,Win32,59.88023952,,,,,,,,2,,,,,,,,,,,,,,,,,,,,,,,,,,,,,,,,,,,,,,,,,1,1,4,0,1,0:64,,,,,,,,,,,,,,,,,,,,,,,,,,,,,,,,,,,,,,,,,,,,,,
,6a24e048833a5201b79aea46,38,6aa09bb296af1050f055ee3b,2026-09-09_20h03.40.788,Reading the Room,2026.1.3,Win32,59.88023952,,,,,,,,2,,,,,,,,,,,,,,,,,,,,,206.8099,208.6811,0,1871,-0.116666653,0.216666663,1,0,0,two_yellow_triangles,208.6825,209.6811,0,0,0,3,1,number,images/1blueTriangle.jpg,one_red_dot,,,,,,,,,,,,,,,,,,,,,,,,,,,,,,,,,,,,,,,,,,,,,,,,,,,,
,6a24e048833a5201b79aea46,38,6aa09bb296af1050f055ee3b,2026-09-09_20h03.40.788,Reading the Room,2026.1.3,Win32,59.88023952,,,,,,,,2,,,,,,,,,,,,,,,,,,,,,209.6824,211.8304,1,2148,-0.311111097,0.235185182,1,0,0,one_red_dot,211.8315,212.8315,0,1,1,11,1,number,images/1redTriangle.jpg,one_red_dot,,,,,,,,,,,,,,,,,,,,,,,,,,,,,,,,,,,,,,,,,,,,,,,,,,,,
,6a24e048833a5201b79aea46,38,6aa09bb296af1050f055ee3b,2026-09-09_20h03.40.788,Reading the Room,2026.1.3,Win32,59.88023952,,,,,,,,2,,,,,,,,,,,,,,,,,,,,,212.8325,214.5644,1,1732,-0.311111097,0.219444434,1,0,0,one_red_dot,214.5646,215.5633,0,2,2,9,1,number,images/1redDot.jpg,one_red_dot,,,,,,,,,,,,,,,,,,,,,,,,,,,,,,,,,,,,,,,,,,,,,,,,,,,,
,6a24e048833a5201b79aea46,38,6aa09bb296af1050f055ee3b,2026-09-09_20h03.40.788,Reading the Room,2026.1.3,Win32,59.88023952,,,,,,,,2,,,,,,,,,,,,,,,,,,,,,215.5641,217.0138,0,1449,-0.299999979,0.226851852,1,0,0,one_red_dot,217.0156,218.0139,0,3,3,26,1,number,images/2redStars.jpg,two_yellow_triangles,,,,,,,,,,,,,,,,,,,,,,,,,,,,,,,,,,,,,,,,,,,,,,,,,,,,
,6a24e048833a5201b79aea46,38,6aa09bb296af1050f055ee3b,2026-09-09_20h03.40.788,Reading the Room,2026.1.3,Win32,59.88023952,,,,,,,,2,,,,,,,,,,,,,,,,,,,,,218.0154,220.5804,1,2565,-0.090740698,0.224074063,1,0,0,two_yellow_triangles,220.5814,221.5802,0,4,4,20,1,number,images/2greenCrosses.jpg,two_yellow_triangles,,,,,,,,,,,,,,,,,,,,,,,,,,,,,,,,,,,,,,,,,,,,,,,,,,,,
,6a24e048833a5201b79aea46,38,6aa09bb296af1050f055ee3b,2026-09-09_20h03.40.788,Reading the Room,2026.1.3,Win32,59.88023952,,,,,,,,2,,,,,,,,,,,,,,,,,,,,,221.5815,225.5799,1,3999,-0.078703704,0.211111104,1,0,0,two_yellow_triangles,225.5805,226.5802,0,5,5,27,1,number,images/2redTriangles.jpg,two_yellow_triangles,,,,,,,,,,,,,,,,,,,,,,,,,,,,,,,,,,,,,,,,,,,,,,,,,,,,
,6a24e048833a5201b79aea46,38,6aa09bb296af1050f055ee3b,2026-09-09_20h03.40.788,Reading the Room,2026.1.3,Win32,59.88023952,,,,,,,,2,,,,,,,,,,,,,,,,,,,,,226.5815,228.2466,1,1666,-0.074999986,0.210185175,1,0,0,two_yellow_triangles,228.2471,229.2459,0,6,6,30,1,number,images/2yellowStars.jpg,two_yellow_triangles,,,,,,,,,,,,,,,,,,,,,,,,,,,,,,,,,,,,,,,,,,,,,,,,,,,,
,6a24e048833a5201b79aea46,38,6aa09bb296af1050f055ee3b,2026-09-09_20h03.40.788,Reading the Room,2026.1.3,Win32,59.88023952,,,,,,,,2,,,,,,,,,,,,,,,,,,,,,,,,,,,,,,,,,,,,,,,,,1,2,5,1,1,64:128,,,,,,,,,,,,,,,,,,,,,,,,,,,,,,,,,,,,,,,,,,,,,,
,6a24e048833a5201b79aea46,38,6aa09bb296af1050f055ee3b,2026-09-09_20h03.40.788,Reading the Room,2026.1.3,Win32,59.88023952,,,,,,,,2,,,,,,,,,,,,,,,,,,,,,229.2587,232.7969,0,3538,0.309259344,0.212037034,1,0,0,four_blue_stars,232.7987,233.7971,0,0,0,56,1,colour,images/4redCrosses.jpg,one_red_dot,,,,,,,,,,,,,,,,,,,,,,,,,,,,,,,,,,,,,,,,,,,,,,,,,,,,
,6a24e048833a5201b79aea46,38,6aa09bb296af1050f055ee3b,2026-09-09_20h03.40.788,Reading the Room,2026.1.3,Win32,59.88023952,,,,,,,,2,,,,,,,,,,,,,,,,,,,,,233.7987,235.7461,0,1948,0.314814815,0.229629623,1,0,0,four_blue_stars,235.7463,236.7464,0,1,1,58,1,colour,images/4redStars.jpg,one_red_dot,,,,,,,,,,,,,,,,,,,,,,,,,,,,,,,,,,,,,,,,,,,,,,,,,,,,
,6a24e048833a5201b79aea46,38,6aa09bb296af1050f055ee3b,2026-09-09_20h03.40.788,Reading the Room,2026.1.3,Win32,59.88023952,,,,,,,,2,,,,,,,,,,,,,,,,,,,,,236.7477,238.8476,0,2100,0.295370384,0.216666663,1,0,0,four_blue_stars,238.8479,239.8458,0,2,2,14,1,colour,images/1yellowStar.jpg,two_yellow_triangles,,,,,,,,,,,,,,,,,,,,,,,,,,,,,,,,,,,,,,,,,,,,,,,,,,,,
,6a24e048833a5201b79aea46,38,6aa09bb296af1050f055ee3b,2026-09-09_20h03.40.788,Reading the Room,2026.1.3,Win32,59.88023952,,,,,,,,2,,,,,,,,,,,,,,,,,,,,,239.8477,241.4794,0,1633,-0.325925933,0.170370349,1,0,0,one_red_dot,241.4797,242.4794,0,3,3,3,1,colour,images/1blueTriangle.jpg,four_blue_stars,,,,,,,,,,,,,,,,,,,,,,,,,,,,,,,,,,,,,,,,,,,,,,,,,,,,
,6a24e048833a5201b79aea46,38,6aa09bb296af1050f055ee3b,2026-09-09_20h03.40.788,Reading the Room,2026.1.3,Win32,59.88023952,,,,,,,,2,,,,,,,,,,,,,,,,,,,,,242.4802,244.6295,0,2149,0.085185228,0.211111104,1,0,0,three_green_crosses,244.6297,245.6302,0,4,4,32,1,colour,images/3blueCrosses.jpg,four_blue_stars,,,,,,,,,,,,,,,,,,,,,,,,,,,,,,,,,,,,,,,,,,,,,,,,,,,,
,6a24e048833a5201b79aea46,38,6aa09bb296af1050f055ee3b,2026-09-09_20h03.40.788,Reading the Room,2026.1.3,Win32,59.88023952,,,,,,,,2,,,,,,,,,,,,,,,,,,,,,245.6321,247.6627,0,2032,-0.064814815,0.215740734,1,0,0,two_yellow_triangles,247.663,248.6625,0,5,5,17,1,colour,images/2blueDots.jpg,four_blue_stars,,,,,,,,,,,,,,,,,,,,,,,,,,,,,,,,,,,,,,,,,,,,,,,,,,,,
,6a24e048833a5201b79aea46,38,6aa09bb296af1050f055ee3b,2026-09-09_20h03.40.788,Reading the Room,2026.1.3,Win32,59.88023952,,,,,,,,2,,,,,,,,,,,,,,,,,,,,,248.6634,250.679,0,2016,-0.376851859,0.205555545,1,0,0,one_red_dot,250.6793,251.6796,0,6,6,1,1,colour,images/1blueDot.jpg,four_blue_stars,,,,,,,,,,,,,,,,,,,,,,,,,,,,,,,,,,,,,,,,,,,,,,,,,,,,
,6a24e048833a5201b79aea46,38,6aa09bb296af1050f055ee3b,2026-09-09_20h03.40.788,Reading the Room,2026.1.3,Win32,59.88023952,,,,,,,,2,,,,,,,,,,,,,,,,,,,,,,,,,,,,,,,,,,,,,,,,,2,0,6,0,1,0:64,,,,,,,,,,,,,,,,,,,,,,,,,,,,,,,,,,,,,,,,,,,,,,
,6a24e048833a5201b79aea46,38,6aa09bb296af1050f055ee3b,2026-09-09_20h03.40.788,Reading the Room,2026.1.3,Win32,59.88023952,,,,,,,,2,,,,,,,,,,,,,,,,,,,,,251.6927,253.879,1,2185,-0.135185171,0.196296303,1,0,0,two_yellow_triangles,253.8807,254.8791,0,0,0,31,1,shape,images/2yellowTriangles.jpg,two_yellow_triangles,,,,,,,,,,,,,,,,,,,,,,,,,,,,,,,,,,,,,,,,,,,,,,,,,,,,
,6a24e048833a5201b79aea46,38,6aa09bb296af1050f055ee3b,2026-09-09_20h03.40.788,Reading the Room,2026.1.3,Win32,59.88023952,,,,,,,,2,,,,,,,,,,,,,,,,,,,,,254.881,256.946,0,2065,0.188888903,0.238888882,1,0,0,three_green_crosses,256.9471,257.9455,0,1,1,45,1,shape,images/3yellowDots.jpg,one_red_dot,,,,,,,,,,,,,,,,,,,,,,,,,,,,,,,,,,,,,,,,,,,,,,,,,,,,
,6a24e048833a5201b79aea46,38,6aa09bb296af1050f055ee3b,2026-09-09_20h03.40.788,Reading the Room,2026.1.3,Win32,59.88023952,,,,,,,,2,,,,,,,,,,,,,,,,,,,,,257.9474,260.0446,1,2098,0.387963048,0.301851855,1,0,0,four_blue_stars,260.0461,261.0454,0,2,2,34,1,shape,images/3blueStars.jpg,four_blue_stars,,,,,,,,,,,,,,,,,,,,,,,,,,,,,,,,,,,,,,,,,,,,,,,,,,,,
,6a24e048833a5201b79aea46,38,6aa09bb296af1050f055ee3b,2026-09-09_20h03.40.788,Reading the Room,2026.1.3,Win32,59.88023952,,,,,,,,2,,,,,,,,,,,,,,,,,,,,,261.0466,263.5618,1,2515,-0.068518533,0.188888868,1,0,0,two_yellow_triangles,263.5627,264.5617,0,3,3,59,1,shape,images/4redTriangles.jpg,two_yellow_triangles,,,,,,,,,,,,,,,,,,,,,,,,,,,,,,,,,,,,,,,,,,,,,,,,,,,,
,6a24e048833a5201b79aea46,38,6aa09bb296af1050f055ee3b,2026-09-09_20h03.40.788,Reading the Room,2026.1.3,Win32,59.88023952,,,,,,,,2,,,,,,,,,,,,,,,,,,,,,264.5636,266.4114,1,1848,0.338888945,0.2574074,1,0,0,four_blue_stars,266.4116,267.4123,0,4,4,62,1,shape,images/4yellowStars.jpg,four_blue_stars,,,,,,,,,,,,,,,,,,,,,,,,,,,,,,,,,,,,,,,,,,,,,,,,,,,,
,6a24e048833a5201b79aea46,38,6aa09bb296af1050f055ee3b,2026-09-09_20h03.40.788,Reading the Room,2026.1.3,Win32,59.88023952,,,,,,,,2,,,,,,,,,,,,,,,,,,,,,267.4137,270.0449,1,2631,0.435185185,0.207407404,1,0,0,four_blue_stars,270.0453,271.0447,0,5,5,38,1,shape,images/3greenStars.jpg,four_blue_stars,,,,,,,,,,,,,,,,,,,,,,,,,,,,,,,,,,,,,,,,,,,,,,,,,,,,
,6a24e048833a5201b79aea46,38,6aa09bb296af1050f055ee3b,2026-09-09_20h03.40.788,Reading the Room,2026.1.3,Win32,59.88023952,,,,,,,,2,,,,,,,,,,,,,,,,,,,,,271.046,273.3611,1,2315,-0.363888882,0.26574073,1,0,0,one_red_dot,273.3615,274.3615,0,6,6,21,1,shape,images/2greenDots.jpg,one_red_dot,,,,,,,,,,,,,,,,,,,,,,,,,,,,,,,,,,,,,,,,,,,,,,,,,,,,
,6a24e048833a5201b79aea46,38,6aa09bb296af1050f055ee3b,2026-09-09_20h03.40.788,Reading the Room,2026.1.3,Win32,59.88023952,,,,,,,,2,,,,,,,,,,,,,,,,,,,,,,,,,,,,,,,,,,,,,,,,,2,1,7,2,1,128:192,,,,,,,,,,,,,,,,,,,,,,,,,,,,,,,,,,,,,,,,,,,,,,
,6a24e048833a5201b79aea46,38,6aa09bb296af1050f055ee3b,2026-09-09_20h03.40.788,Reading the Room,2026.1.3,Win32,59.88023952,,,,,,,,2,,,,,,,,,,,,,,,,,,,,,274.3741,276.4944,1,2120,0.385185242,0.289814808,1,0,0,four_blue_stars,276.4946,277.4943,0,0,0,48,1,number,images/4blueCrosses.jpg,four_blue_stars,,,,,,,,,,,,,,,,,,,,,,,,,,,,,,,,,,,,,,,,,,,,,,,,,,,,
,6a24e048833a5201b79aea46,38,6aa09bb296af1050f055ee3b,2026-09-09_20h03.40.788,Reading the Room,2026.1.3,Win32,59.88023952,,,,,,,,2,,,,,,,,,,,,,,,,,,,,,277.4955,280.2606,0,2766,0.385185242,0.235185182,1,0,0,four_blue_stars,280.2625,281.2614,0,1,1,42,1,number,images/3redStars.jpg,three_green_crosses,,,,,,,,,,,,,,,,,,,,,,,,,,,,,,,,,,,,,,,,,,,,,,,,,,,,
,6a24e048833a5201b79aea46,38,6aa09bb296af1050f055ee3b,2026-09-09_20h03.40.788,Reading the Room,2026.1.3,Win32,59.88023952,,,,,,,,2,,,,,,,,,,,,,,,,,,,,,281.2632,283.7609,0,2498,0.324074074,0.240740741,1,0,0,four_blue_stars,283.7611,284.7606,0,2,2,26,1,number,images/2redStars.jpg,two_yellow_triangles,,,,,,,,,,,,,,,,,,,,,,,,,,,,,,,,,,,,,,,,,,,,,,,,,,,,
,6a24e048833a5201b79aea46,38,6aa09bb296af1050f055ee3b,2026-09-09_20h03.40.788,Reading the Room,2026.1.3,Win32,59.88023952,,,,,,,,2,,,,,,,,,,,,,,,,,,,,,284.7618,287.0936,0,2332,-0.299999979,0.232407411,1,0,0,one_red_dot,287.0939,288.0933,0,3,3,58,1,number,images/4redStars.jpg,four_blue_stars,,,,,,,,,,,,,,,,,,,,,,,,,,,,,,,,,,,,,,,,,,,,,,,,,,,,
,6a24e048833a5201b79aea46,38,6aa09bb296af1050f055ee3b,2026-09-09_20h03.40.788,Reading the Room,2026.1.3,Win32,59.88023952,,,,,,,,2,,,,,,,,,,,,,,,,,,,,,288.0942,289.994,0,1900,-0.140740712,0.205555545,1,0,0,two_yellow_triangles,289.9943,290.9936,0,4,4,3,1,number,images/1blueTriangle.jpg,one_red_dot,,,,,,,,,,,,,,,,,,,,,,,,,,,,,,,,,,,,,,,,,,,,,,,,,,,,
,6a24e048833a5201b79aea46,38,6aa09bb296af1050f055ee3b,2026-09-09_20h03.40.788,Reading the Room,2026.1.3,Win32,59.88023952,,,,,,,,2,,,,,,,,,,,,,,,,,,,,,290.9958,292.6108,0,1616,-0.078703704,0.224999993,1,0,0,two_yellow_triangles,292.611,293.6101,0,5,5,13,1,number,images/1yellowDot.jpg,one_red_dot,,,,,,,,,,,,,,,,,,,,,,,,,,,,,,,,,,,,,,,,,,,,,,,,,,,,
,6a24e048833a5201b79aea46,38,6aa09bb296af1050f055ee3b,2026-09-09_20h03.40.788,Reading the Room,2026.1.3,Win32,59.88023952,,,,,,,,2,,,,,,,,,,,,,,,,,,,,,293.6112,295.8931,0,2282,-0.062037009,0.214814804,1,0,0,two_yellow_triangles,295.8936,296.8931,0,6,6,45,1,number,images/3yellowDots.jpg,three_green_crosses,,,,,,,,,,,,,,,,,,,,,,,,,,,,,,,,,,,,,,,,,,,,,,,,,,,,
,6a24e048833a5201b79aea46,38,6aa09bb296af1050f055ee3b,2026-09-09_20h03.40.788,Reading the Room,2026.1.3,Win32,59.88023952,,,,,,,,2,,,,,,,,,,,,,,,,,,,,,,,,,,,,,,,,,,,,,,,,,2,2,8,1,1,64:128,,,,,,,,,,,,,,,,,,,,,,,,,,,,,,,,,,,,,,,,,,,,,,
,6a24e048833a5201b79aea46,38,6aa09bb296af1050f055ee3b,2026-09-09_20h03.40.788,Reading the Room,2026.1.3,Win32,59.88023952,,,,,,,,2,,,,,,,,,,,,,,,,,,,,,,,,,,,,,,,,,,,,,,,,,,,,,,,4,1,1,2,Item 3,,,,,,,,,,,,,,,,,,,,,,,,,,,,,,,,,,,,,,,,,
,6a24e048833a5201b79aea46,38,6aa09bb296af1050f055ee3b,2026-09-09_20h03.40.788,Reading the Room,2026.1.3,Win32,59.88023952,,,,,,,,2,,,,,,,,,,,,,,,,,,,,,,,,,,,,,,,,,,,,,,,,,,,,,,,,,,,,411.7096,421.7043,,,,,,,,,,,,,,,,,,,,,,,,,,,,,,,,,,,,,,,
,6a24e048833a5201b79aea46,38,6aa09bb296af1050f055ee3b,2026-09-09_20h03.40.788,Reading the Room,2026.1.3,Win32,59.88023952,,,,,,,,2,,,,,,,,,,,,,,,,,,,,,,,,,,,,,,,,,,,,,,,,,,,,,,,,,,,,,,421.707,674.8437,space,252.1062,,0,0,0,0,1,,,,,,,,,,,,,,,,,,,,,,,,,,,,,
,6a24e048833a5201b79aea46,38,6aa09bb296af1050f055ee3b,2026-09-09_20h03.40.788,Reading the Room,2026.1.3,Win32,59.88023952,,,,,,,,2,,,,,,,,,,,,,,,,,,,,,,,,,,,,,,,,,,,,,,,,,,,,,,,,,,,,,,,,,,,,,,,,5,5,5,5,5,5,4,2,2,5,5,5,4,5,1,1,3,2,6,6,6,Testing my social intelligence maybe?,My social intelligence got evaluated,I am average.,"I'm only skeptical now because of these questions. Now that I think about it, I thought I did a lot better on the test.",Item 2,1,,
,6a24e048833a5201b79aea46,38,6aa09bb296af1050f055ee3b,2026-09-09_20h03.40.788,Reading the Room,2026.1.3,Win32,59.88023952,,,,,,,,2,,,,,,,,,,,,,,,,,,,,,,,,,,,,,,,,,,,,,,,,,,,,,,,,,,,,,,,,,,,,,,,,,,,,,,,,,,,,,,,,,,,,,,,,,,,803.9232,806.909
