Participant_Info_Consent.block_1/Consent,participant,session,date,expName,psychopyVersion,OS,frameRate,PROLIFIC_PID,STUDY_ID,SESSION_ID,dissent.started,dissent.stopped,Exclusion_Criteria_1.block_1/Mental_health_conditions,exclusion.started,exclusion.stopped,GroupAllocation.started,GroupAllocation.stopped,group,survey_demographics_IU.block_1/Sex,survey_demographics_IU.block_1/Age,survey_demographics_IU.block_1/Education,survey_demographics_IU.block_1/Ethnicity,survey_demographics_IU.block_1/Ethnicity-Comment,survey_demographics_IU.block_1/Politics,survey_demographics_IU.block_1/IU_scale.q1,survey_demographics_IU.block_1/IU_scale.q2,survey_demographics_IU.block_1/IU_scale.q3,survey_demographics_IU.block_1/IU_scale.q4,survey_demographics_IU.block_1/IU_scale.q5,survey_demographics_IU.block_1/IU_scale.q6,survey_demographics_IU.block_1/IU_scale.q7,survey_demographics_IU.block_1/IU_scale.q8,survey_demographics_IU.block_1/IU_scale.q9,survey_demographics_IU.block_1/IU_scale.q10,survey_demographics_IU.block_1/IU_scale.q11,survey_demographics_IU.block_1/IU_scale.q12,Instructions.started,Instructions.stopped,Example.started,Example.stopped,Trials.started,Trials.stopped,Score,RT,response.x,response.y,response.leftButton,response.midButton,response.rightButton,response.clicked_name,Feedback.started,Feedback.stopped,trials.thisRepN,trials.thisTrialN,trials.thisN,trials.thisIndex,trials.ran,rule,card,corrAns,blocks.thisRepN,blocks.thisTrialN,blocks.thisN,blocks.thisIndex,blocks.ran,useRows,Scenarios.block_1/Expert Panel,Scenarios.block_1/Team Tension,Scenarios.block_1/Networking Gaffe,Scenarios.block_1/Viral Oversight,Scenarios.block_1/question16,ProgressBar.started,ProgressBar.stopped,feedback_14.started,feedback_14.stopped,press_spacebar.keys,press_spacebar.rt,press_spacebar.duration,show_feedback_low.thisRepN,show_feedback_low.thisTrialN,show_feedback_low.thisN,show_feedback_low.thisIndex,show_feedback_low.ran,ETMS_survey_end.block_1/Epistemic Trust Mistrust.ETMS_1,ETMS_survey_end.block_1/Epistemic Trust Mistrust.ETMS_2,ETMS_survey_end.block_1/Epistemic Trust Mistrust.ETMS_3,ETMS_survey_end.block_1/Epistemic Trust Mistrust.ETMS_4,ETMS_survey_end.block_1/Epistemic Trust Mistrust.ETMS_5,ETMS_survey_end.block_1/Epistemic Trust Mistrust.ETMS_6,ETMS_survey_end.block_1/Epistemic Trust Mistrust.ETMS_7,ETMS_survey_end.block_1/Epistemic Trust Mistrust.ETMS_8,ETMS_survey_end.block_1/Epistemic Trust Mistrust.ETMS_9,ETMS_survey_end.block_1/Epistemic Trust Mistrust.ETMS_10,ETMS_survey_end.block_1/Epistemic Trust Mistrust.ETMS_11,ETMS_survey_end.block_1/Epistemic Trust Mistrust.ETMS_12,ETMS_survey_end.block_1/Epistemic Trust Mistrust.ETMS_13,ETMS_survey_end.block_1/Epistemic Trust Mistrust.ETMS_14,ETMS_survey_end.block_1/Epistemic Trust Mistrust.ETMS_15,ETMS_survey_end.block_1/Epistemic Trust Mistrust.ETMS_16,ETMS_survey_end.block_1/Epistemic Trust Mistrust.Row 17,ETMS_survey_end.block_1/Epistemic Trust Mistrust.Row 18,ETMS_survey_end.block_1/Feedback check.Q1,ETMS_survey_end.block_1/Feedback check.Q2,ETMS_survey_end.block_1/Feedback check.Q3,ETMS_survey_end.block_1/WereYouEvaluated,ETMS_survey_end.block_1/StudyPurpose,ETMS_survey_end.block_1/Feedback_interpretation,ETMS_survey_end.block_1/Suspicious,ETMS_survey_end.block_1/Disclosure,ETMS_survey_end.block_1/Data use,End.started,End.stopped
1,{{PROLIFIC_ID}},001,2026-09-07_08h52.00.568,Reading the Room,2026.1.3,Win32,59.88023952,5e5f4c3f3d604727f7930fc1,6a8d07dd262e1077153a9ddf,6a9dfc5f11867f821ab7a793,,,,,,,,,,,,,,,,,,,,,,,,,,,,,,,,,,,,,,,,,,,,,,,,,,,,,,,,,,,,,,,,,,,,,,,,,,,,,,,,,,,,,,,,,,,,,,,,,,,,,,
,{{PROLIFIC_ID}},001,2026-09-07_08h52.00.568,Reading the Room,2026.1.3,Win32,59.88023952,5e5f4c3f3d604727f7930fc1,6a8d07dd262e1077153a9ddf,6a9dfc5f11867f821ab7a793,16.0388,16.054,,,,,,,,,,,,,,,,,,,,,,,,,,,,,,,,,,,,,,,,,,,,,,,,,,,,,,,,,,,,,,,,,,,,,,,,,,,,,,,,,,,,,,,,,,,,,,,,,,,,
,{{PROLIFIC_ID}},001,2026-09-07_08h52.00.568,Reading the Room,2026.1.3,Win32,59.88023952,5e5f4c3f3d604727f7930fc1,6a8d07dd262e1077153a9ddf,6a9dfc5f11867f821ab7a793,,,0,,,,,,,,,,,,,,,,,,,,,,,,,,,,,,,,,,,,,,,,,,,,,,,,,,,,,,,,,,,,,,,,,,,,,,,,,,,,,,,,,,,,,,,,,,,,,,,,,,,
,{{PROLIFIC_ID}},001,2026-09-07_08h52.00.568,Reading the Room,2026.1.3,Win32,59.88023952,5e5f4c3f3d604727f7930fc1,6a8d07dd262e1077153a9ddf,6a9dfc5f11867f821ab7a793,,,,20.9001,20.9015,,,,,,,,,,,,,,,,,,,,,,,,,,,,,,,,,,,,,,,,,,,,,,,,,,,,,,,,,,,,,,,,,,,,,,,,,,,,,,,,,,,,,,,,,,,,,,,,,
,{{PROLIFIC_ID}},0,2026-09-07_08h52.00.568,Reading the Room,2026.1.3,Win32,59.88023952,5e5f4c3f3d604727f7930fc1,6a8d07dd262e1077153a9ddf,6a9dfc5f11867f821ab7a793,,,,,,23.1326,23.1328,1,,,,,,,,,,,,,,,,,,,,,,,,,,,,,,,,,,,,,,,,,,,,,,,,,,,,,,,,,,,,,,,,,,,,,,,,,,,,,,,,,,,,,,,,,,,,,,
,{{PROLIFIC_ID}},0,2026-09-07_08h52.00.568,Reading the Room,2026.1.3,Win32,59.88023952,5e5f4c3f3d604727f7930fc1,6a8d07dd262e1077153a9ddf,6a9dfc5f11867f821ab7a793,,,,,,,,1,2,47,4,other,Black American,5,2,3,2,1,2,3,2,0,1,1,0,1,,,,,,,,,,,,,,,,,,,,,,,,,,,,,,,,,,,,,,,,,,,,,,,,,,,,,,,,,,,,,,,,,,,,,,,,,,,,
,{{PROLIFIC_ID}},0,2026-09-07_08h52.00.568,Reading the Room,2026.1.3,Win32,59.88023952,5e5f4c3f3d604727f7930fc1,6a8d07dd262e1077153a9ddf,6a9dfc5f11867f821ab7a793,,,,,,,,1,,,,,,,,,,,,,,,,,,,138.4428,149.9783,,,,,,,,,,,,,,,,,,,,,,,,,,,,,,,,,,,,,,,,,,,,,,,,,,,,,,,,,,,,,,,,,,,,,,,,,,
,{{PROLIFIC_ID}},0,2026-09-07_08h52.00.568,Reading the Room,2026.1.3,Win32,59.88023952,5e5f4c3f3d604727f7930fc1,6a8d07dd262e1077153a9ddf,6a9dfc5f11867f821ab7a793,,,,,,,,1,,,,,,,,,,,,,,,,,,,,,149.9785,166.0186,,,,,,,,,,,,,,,,,,,,,,,,,,,,,,,,,,,,,,,,,,,,,,,,,,,,,,,,,,,,,,,,,,,,,,,,
,{{PROLIFIC_ID}},0,2026-09-07_08h52.00.568,Reading the Room,2026.1.3,Win32,59.88023952,5e5f4c3f3d604727f7930fc1,6a8d07dd262e1077153a9ddf,6a9dfc5f11867f821ab7a793,,,,,,,,1,,,,,,,,,,,,,,,,,,,,,,,166.0393,169.1364,1,3096,-0.40625,0.260416667,1,0,0,one_red_dot,169.1378,170.1362,0,0,0,56,1,colour,images/4redCrosses.jpg,one_red_dot,,,,,,,,,,,,,,,,,,,,,,,,,,,,,,,,,,,,,,,,,,,,,,,,,,,,
,{{PROLIFIC_ID}},0,2026-09-07_08h52.00.568,Reading the Room,2026.1.3,Win32,59.88023952,5e5f4c3f3d604727f7930fc1,6a8d07dd262e1077153a9ddf,6a9dfc5f11867f821ab7a793,,,,,,,,1,,,,,,,,,,,,,,,,,,,,,,,170.1381,172.9403,0,2803,-0.143229167,0.256510417,1,0,0,two_yellow_triangles,172.9414,173.9353,0,1,1,35,1,colour,images/3blueTriangles.jpg,four_blue_stars,,,,,,,,,,,,,,,,,,,,,,,,,,,,,,,,,,,,,,,,,,,,,,,,,,,,
,{{PROLIFIC_ID}},0,2026-09-07_08h52.00.568,Reading the Room,2026.1.3,Win32,59.88023952,5e5f4c3f3d604727f7930fc1,6a8d07dd262e1077153a9ddf,6a9dfc5f11867f821ab7a793,,,,,,,,1,,,,,,,,,,,,,,,,,,,,,,,173.9367,176.9181,1,2981,0.151041667,0.236979167,1,0,0,three_green_crosses,176.9199,177.9231,0,2,2,22,1,colour,images/2greenStars.jpg,three_green_crosses,,,,,,,,,,,,,,,,,,,,,,,,,,,,,,,,,,,,,,,,,,,,,,,,,,,,
,{{PROLIFIC_ID}},0,2026-09-07_08h52.00.568,Reading the Room,2026.1.3,Win32,59.88023952,5e5f4c3f3d604727f7930fc1,6a8d07dd262e1077153a9ddf,6a9dfc5f11867f821ab7a793,,,,,,,,1,,,,,,,,,,,,,,,,,,,,,,,177.9242,181.0339,1,3109,0.364583333,0.263020833,1,0,0,four_blue_stars,181.0344,182.0339,0,3,3,32,1,colour,images/3blueCrosses.jpg,four_blue_stars,,,,,,,,,,,,,,,,,,,,,,,,,,,,,,,,,,,,,,,,,,,,,,,,,,,,
,{{PROLIFIC_ID}},0,2026-09-07_08h52.00.568,Reading the Room,2026.1.3,Win32,59.88023952,5e5f4c3f3d604727f7930fc1,6a8d07dd262e1077153a9ddf,6a9dfc5f11867f821ab7a793,,,,,,,,1,,,,,,,,,,,,,,,,,,,,,,,182.0363,184.4412,1,2406,-0.08984375,0.24609375,1,0,0,two_yellow_triangles,184.4416,185.4342,0,4,4,15,1,colour,images/1yellowTriangle.jpg,two_yellow_triangles,,,,,,,,,,,,,,,,,,,,,,,,,,,,,,,,,,,,,,,,,,,,,,,,,,,,
,{{PROLIFIC_ID}},0,2026-09-07_08h52.00.568,Reading the Room,2026.1.3,Win32,59.88023952,5e5f4c3f3d604727f7930fc1,6a8d07dd262e1077153a9ddf,6a9dfc5f11867f821ab7a793,,,,,,,,1,,,,,,,,,,,,,,,,,,,,,,,185.4357,188.0171,1,2582,0.3359375,0.236979167,1,0,0,four_blue_stars,188.0177,189.0169,0,5,5,49,1,colour,images/4blueDots.jpg,four_blue_stars,,,,,,,,,,,,,,,,,,,,,,,,,,,,,,,,,,,,,,,,,,,,,,,,,,,,
,{{PROLIFIC_ID}},0,2026-09-07_08h52.00.568,Reading the Room,2026.1.3,Win32,59.88023952,5e5f4c3f3d604727f7930fc1,6a8d07dd262e1077153a9ddf,6a9dfc5f11867f821ab7a793,,,,,,,,1,,,,,,,,,,,,,,,,,,,,,,,189.018,191.3683,1,2351,0.08984375,0.221354167,1,0,0,three_green_crosses,191.3684,192.3664,0,6,6,55,1,colour,images/4greenTriangles.jpg,three_green_crosses,,,,,,,,,,,,,,,,,,,,,,,,,,,,,,,,,,,,,,,,,,,,,,,,,,,,
,{{PROLIFIC_ID}},0,2026-09-07_08h52.00.568,Reading the Room,2026.1.3,Win32,59.88023952,5e5f4c3f3d604727f7930fc1,6a8d07dd262e1077153a9ddf,6a9dfc5f11867f821ab7a793,,,,,,,,1,,,,,,,,,,,,,,,,,,,,,,,,,,,,,,,,,,,,,,,,,,,0,0,0,0,1,0:64,,,,,,,,,,,,,,,,,,,,,,,,,,,,,,,,,,,,,,,,,,,,,,
,{{PROLIFIC_ID}},0,2026-09-07_08h52.00.568,Reading the Room,2026.1.3,Win32,59.88023952,5e5f4c3f3d604727f7930fc1,6a8d07dd262e1077153a9ddf,6a9dfc5f11867f821ab7a793,,,,,,,,1,,,,,,,,,,,,,,,,,,,,,,,192.381,194.5321,0,2151,-0.095052083,0.234375,1,0,0,two_yellow_triangles,194.5335,195.5325,0,0,0,62,1,shape,images/4yellowStars.jpg,four_blue_stars,,,,,,,,,,,,,,,,,,,,,,,,,,,,,,,,,,,,,,,,,,,,,,,,,,,,
,{{PROLIFIC_ID}},0,2026-09-07_08h52.00.568,Reading the Room,2026.1.3,Win32,59.88023952,5e5f4c3f3d604727f7930fc1,6a8d07dd262e1077153a9ddf,6a9dfc5f11867f821ab7a793,,,,,,,,1,,,,,,,,,,,,,,,,,,,,,,,195.5337,199.8153,1,4281,-0.3515625,0.227864583,1,0,0,one_red_dot,199.8169,200.8197,0,1,1,33,1,shape,images/3blueDots.jpg,one_red_dot,,,,,,,,,,,,,,,,,,,,,,,,,,,,,,,,,,,,,,,,,,,,,,,,,,,,
,{{PROLIFIC_ID}},0,2026-09-07_08h52.00.568,Reading the Room,2026.1.3,Win32,59.88023952,5e5f4c3f3d604727f7930fc1,6a8d07dd262e1077153a9ddf,6a9dfc5f11867f821ab7a793,,,,,,,,1,,,,,,,,,,,,,,,,,,,,,,,200.8207,203.5482,1,2728,0.373697917,0.216145833,1,0,0,four_blue_stars,203.5486,204.5489,0,2,2,38,1,shape,images/3greenStars.jpg,four_blue_stars,,,,,,,,,,,,,,,,,,,,,,,,,,,,,,,,,,,,,,,,,,,,,,,,,,,,
,{{PROLIFIC_ID}},0,2026-09-07_08h52.00.568,Reading the Room,2026.1.3,Win32,59.88023952,5e5f4c3f3d604727f7930fc1,6a8d07dd262e1077153a9ddf,6a9dfc5f11867f821ab7a793,,,,,,,,1,,,,,,,,,,,,,,,,,,,,,,,204.5508,207.0485,1,2498,-0.298177083,0.201822917,1,0,0,one_red_dot,207.049,208.0479,0,3,3,25,1,shape,images/2redDots.jpg,one_red_dot,,,,,,,,,,,,,,,,,,,,,,,,,,,,,,,,,,,,,,,,,,,,,,,,,,,,
,{{PROLIFIC_ID}},0,2026-09-07_08h52.00.568,Reading the Room,2026.1.3,Win32,59.88023952,5e5f4c3f3d604727f7930fc1,6a8d07dd262e1077153a9ddf,6a9dfc5f11867f821ab7a793,,,,,,,,1,,,,,,,,,,,,,,,,,,,,,,,208.0496,210.3807,1,2332,0.165364583,0.234375,1,0,0,three_green_crosses,210.3813,211.3817,0,4,4,20,1,shape,images/2greenCrosses.jpg,three_green_crosses,,,,,,,,,,,,,,,,,,,,,,,,,,,,,,,,,,,,,,,,,,,,,,,,,,,,
,{{PROLIFIC_ID}},0,2026-09-07_08h52.00.568,Reading the Room,2026.1.3,Win32,59.88023952,5e5f4c3f3d604727f7930fc1,6a8d07dd262e1077153a9ddf,6a9dfc5f11867f821ab7a793,,,,,,,,1,,,,,,,,,,,,,,,,,,,,,,,211.3833,213.3817,1,1999,0.430989583,0.229166667,1,0,0,four_blue_stars,213.382,214.3804,0,5,5,2,1,shape,images/1blueStar.jpg,four_blue_stars,,,,,,,,,,,,,,,,,,,,,,,,,,,,,,,,,,,,,,,,,,,,,,,,,,,,
,{{PROLIFIC_ID}},0,2026-09-07_08h52.00.568,Reading the Room,2026.1.3,Win32,59.88023952,5e5f4c3f3d604727f7930fc1,6a8d07dd262e1077153a9ddf,6a9dfc5f11867f821ab7a793,,,,,,,,1,,,,,,,,,,,,,,,,,,,,,,,214.3818,216.4313,1,2049,-0.361979167,0.200520833,1,0,0,one_red_dot,216.432,217.4304,0,6,6,1,1,shape,images/1blueDot.jpg,one_red_dot,,,,,,,,,,,,,,,,,,,,,,,,,,,,,,,,,,,,,,,,,,,,,,,,,,,,
,{{PROLIFIC_ID}},0,2026-09-07_08h52.00.568,Reading the Room,2026.1.3,Win32,59.88023952,5e5f4c3f3d604727f7930fc1,6a8d07dd262e1077153a9ddf,6a9dfc5f11867f821ab7a793,,,,,,,,1,,,,,,,,,,,,,,,,,,,,,,,,,,,,,,,,,,,,,,,,,,,0,1,1,2,1,128:192,,,,,,,,,,,,,,,,,,,,,,,,,,,,,,,,,,,,,,,,,,,,,,
,{{PROLIFIC_ID}},0,2026-09-07_08h52.00.568,Reading the Room,2026.1.3,Win32,59.88023952,5e5f4c3f3d604727f7930fc1,6a8d07dd262e1077153a9ddf,6a9dfc5f11867f821ab7a793,,,,,,,,1,,,,,,,,,,,,,,,,,,,,,,,217.4428,220.1478,1,2705,0.334635417,0.25,1,0,0,four_blue_stars,220.1482,221.1468,0,0,0,54,1,number,images/4greenStars.jpg,four_blue_stars,,,,,,,,,,,,,,,,,,,,,,,,,,,,,,,,,,,,,,,,,,,,,,,,,,,,
,{{PROLIFIC_ID}},0,2026-09-07_08h52.00.568,Reading the Room,2026.1.3,Win32,59.88023952,5e5f4c3f3d604727f7930fc1,6a8d07dd262e1077153a9ddf,6a9dfc5f11867f821ab7a793,,,,,,,,1,,,,,,,,,,,,,,,,,,,,,,,221.1485,224.5187,0,3370,0.088541667,0.233072917,1,0,0,three_green_crosses,224.5199,225.5134,0,1,1,16,1,number,images/2blueCrosses.jpg,two_yellow_triangles,,,,,,,,,,,,,,,,,,,,,,,,,,,,,,,,,,,,,,,,,,,,,,,,,,,,
,{{PROLIFIC_ID}},0,2026-09-07_08h52.00.568,Reading the Room,2026.1.3,Win32,59.88023952,5e5f4c3f3d604727f7930fc1,6a8d07dd262e1077153a9ddf,6a9dfc5f11867f821ab7a793,,,,,,,,1,,,,,,,,,,,,,,,,,,,,,,,225.515,228.0958,1,2581,0.096354167,0.235677083,1,0,0,three_green_crosses,228.0976,229.0967,0,2,2,43,1,number,images/3redTriangles.jpg,three_green_crosses,,,,,,,,,,,,,,,,,,,,,,,,,,,,,,,,,,,,,,,,,,,,,,,,,,,,
,{{PROLIFIC_ID}},0,2026-09-07_08h52.00.568,Reading the Room,2026.1.3,Win32,59.88023952,5e5f4c3f3d604727f7930fc1,6a8d07dd262e1077153a9ddf,6a9dfc5f11867f821ab7a793,,,,,,,,1,,,,,,,,,,,,,,,,,,,,,,,229.0986,230.8291,1,1732,0.096354167,0.235677083,1,0,0,three_green_crosses,230.8295,231.8291,0,3,3,44,1,number,images/3yellowCrosses.jpg,three_green_crosses,,,,,,,,,,,,,,,,,,,,,,,,,,,,,,,,,,,,,,,,,,,,,,,,,,,,
,{{PROLIFIC_ID}},0,2026-09-07_08h52.00.568,Reading the Room,2026.1.3,Win32,59.88023952,5e5f4c3f3d604727f7930fc1,6a8d07dd262e1077153a9ddf,6a9dfc5f11867f821ab7a793,,,,,,,,1,,,,,,,,,,,,,,,,,,,,,,,231.8315,233.8953,1,2065,0.368489583,0.259114583,1,0,0,four_blue_stars,233.8957,234.895,0,4,4,56,1,number,images/4redCrosses.jpg,four_blue_stars,,,,,,,,,,,,,,,,,,,,,,,,,,,,,,,,,,,,,,,,,,,,,,,,,,,,
,{{PROLIFIC_ID}},0,2026-09-07_08h52.00.568,Reading the Room,2026.1.3,Win32,59.88023952,5e5f4c3f3d604727f7930fc1,6a8d07dd262e1077153a9ddf,6a9dfc5f11867f821ab7a793,,,,,,,,1,,,,,,,,,,,,,,,,,,,,,,,234.8964,237.0456,1,2150,0.080729167,0.25,1,0,0,three_green_crosses,237.046,238.0448,0,5,5,32,1,number,images/3blueCrosses.jpg,three_green_crosses,,,,,,,,,,,,,,,,,,,,,,,,,,,,,,,,,,,,,,,,,,,,,,,,,,,,
,{{PROLIFIC_ID}},0,2026-09-07_08h52.00.568,Reading the Room,2026.1.3,Win32,59.88023952,5e5f4c3f3d604727f7930fc1,6a8d07dd262e1077153a9ddf,6a9dfc5f11867f821ab7a793,,,,,,,,1,,,,,,,,,,,,,,,,,,,,,,,238.0464,240.6457,1,2600,0.360677083,0.25,1,0,0,four_blue_stars,240.6465,241.6444,0,6,6,50,1,number,images/4blueStars.jpg,four_blue_stars,,,,,,,,,,,,,,,,,,,,,,,,,,,,,,,,,,,,,,,,,,,,,,,,,,,,
,{{PROLIFIC_ID}},0,2026-09-07_08h52.00.568,Reading the Room,2026.1.3,Win32,59.88023952,5e5f4c3f3d604727f7930fc1,6a8d07dd262e1077153a9ddf,6a9dfc5f11867f821ab7a793,,,,,,,,1,,,,,,,,,,,,,,,,,,,,,,,,,,,,,,,,,,,,,,,,,,,0,2,2,1,1,64:128,,,,,,,,,,,,,,,,,,,,,,,,,,,,,,,,,,,,,,,,,,,,,,
,{{PROLIFIC_ID}},0,2026-09-07_08h52.00.568,Reading the Room,2026.1.3,Win32,59.88023952,5e5f4c3f3d604727f7930fc1,6a8d07dd262e1077153a9ddf,6a9dfc5f11867f821ab7a793,,,,,,,,1,,,,,,,,,,,,,,,,,,,,,,,241.6544,243.8122,0,2157,0.36328125,0.221354167,1,0,0,four_blue_stars,243.8137,244.8114,0,0,0,60,1,colour,images/4yellowCrosses.jpg,two_yellow_triangles,,,,,,,,,,,,,,,,,,,,,,,,,,,,,,,,,,,,,,,,,,,,,,,,,,,,
,{{PROLIFIC_ID}},0,2026-09-07_08h52.00.568,Reading the Room,2026.1.3,Win32,59.88023952,5e5f4c3f3d604727f7930fc1,6a8d07dd262e1077153a9ddf,6a9dfc5f11867f821ab7a793,,,,,,,,1,,,,,,,,,,,,,,,,,,,,,,,244.8128,252.3941,1,7581,-0.125,0.2734375,1,0,0,two_yellow_triangles,252.3954,253.3946,0,1,1,30,1,colour,images/2yellowStars.jpg,two_yellow_triangles,,,,,,,,,,,,,,,,,,,,,,,,,,,,,,,,,,,,,,,,,,,,,,,,,,,,
,{{PROLIFIC_ID}},0,2026-09-07_08h52.00.568,Reading the Room,2026.1.3,Win32,59.88023952,5e5f4c3f3d604727f7930fc1,6a8d07dd262e1077153a9ddf,6a9dfc5f11867f821ab7a793,,,,,,,,1,,,,,,,,,,,,,,,,,,,,,,,253.3964,255.6449,1,2249,-0.389322917,0.247395833,1,0,0,one_red_dot,255.6453,256.6488,0,2,2,59,1,colour,images/4redTriangles.jpg,one_red_dot,,,,,,,,,,,,,,,,,,,,,,,,,,,,,,,,,,,,,,,,,,,,,,,,,,,,
,{{PROLIFIC_ID}},0,2026-09-07_08h52.00.568,Reading the Room,2026.1.3,Win32,59.88023952,5e5f4c3f3d604727f7930fc1,6a8d07dd262e1077153a9ddf,6a9dfc5f11867f821ab7a793,,,,,,,,1,,,,,,,,,,,,,,,,,,,,,,,256.6501,258.7098,1,2060,0.079427083,0.234375,1,0,0,three_green_crosses,258.7103,259.7157,0,3,3,5,1,colour,images/1greenDot.jpg,three_green_crosses,,,,,,,,,,,,,,,,,,,,,,,,,,,,,,,,,,,,,,,,,,,,,,,,,,,,
,{{PROLIFIC_ID}},0,2026-09-07_08h52.00.568,Reading the Room,2026.1.3,Win32,59.88023952,5e5f4c3f3d604727f7930fc1,6a8d07dd262e1077153a9ddf,6a9dfc5f11867f821ab7a793,,,,,,,,1,,,,,,,,,,,,,,,,,,,,,,,259.7174,262.1945,1,2477,0.399739583,0.28125,1,0,0,four_blue_stars,262.1949,263.1961,0,4,4,34,1,colour,images/3blueStars.jpg,four_blue_stars,,,,,,,,,,,,,,,,,,,,,,,,,,,,,,,,,,,,,,,,,,,,,,,,,,,,
,{{PROLIFIC_ID}},0,2026-09-07_08h52.00.568,Reading the Room,2026.1.3,Win32,59.88023952,5e5f4c3f3d604727f7930fc1,6a8d07dd262e1077153a9ddf,6a9dfc5f11867f821ab7a793,,,,,,,,1,,,,,,,,,,,,,,,,,,,,,,,263.1968,265.677,1,2480,0.088541667,0.248697917,1,0,0,three_green_crosses,265.6774,266.6755,0,5,5,55,1,colour,images/4greenTriangles.jpg,three_green_crosses,,,,,,,,,,,,,,,,,,,,,,,,,,,,,,,,,,,,,,,,,,,,,,,,,,,,
,{{PROLIFIC_ID}},0,2026-09-07_08h52.00.568,Reading the Room,2026.1.3,Win32,59.88023952,5e5f4c3f3d604727f7930fc1,6a8d07dd262e1077153a9ddf,6a9dfc5f11867f821ab7a793,,,,,,,,1,,,,,,,,,,,,,,,,,,,,,,,266.6771,269.4097,1,2733,0.3046875,0.243489583,1,0,0,four_blue_stars,269.4102,270.4104,0,6,6,1,1,colour,images/1blueDot.jpg,four_blue_stars,,,,,,,,,,,,,,,,,,,,,,,,,,,,,,,,,,,,,,,,,,,,,,,,,,,,
,{{PROLIFIC_ID}},0,2026-09-07_08h52.00.568,Reading the Room,2026.1.3,Win32,59.88023952,5e5f4c3f3d604727f7930fc1,6a8d07dd262e1077153a9ddf,6a9dfc5f11867f821ab7a793,,,,,,,,1,,,,,,,,,,,,,,,,,,,,,,,,,,,,,,,,,,,,,,,,,,,1,0,3,0,1,0:64,,,,,,,,,,,,,,,,,,,,,,,,,,,,,,,,,,,,,,,,,,,,,,
,{{PROLIFIC_ID}},0,2026-09-07_08h52.00.568,Reading the Room,2026.1.3,Win32,59.88023952,5e5f4c3f3d604727f7930fc1,6a8d07dd262e1077153a9ddf,6a9dfc5f11867f821ab7a793,,,,,,,,1,,,,,,,,,,,,,,,,,,,,,,,270.4218,272.9151,0,2493,0.063802083,0.231770833,1,0,0,three_green_crosses,272.9161,273.9085,0,0,0,52,1,number,images/4greenCrosses.jpg,four_blue_stars,,,,,,,,,,,,,,,,,,,,,,,,,,,,,,,,,,,,,,,,,,,,,,,,,,,,
,{{PROLIFIC_ID}},0,2026-09-07_08h52.00.568,Reading the Room,2026.1.3,Win32,59.88023952,5e5f4c3f3d604727f7930fc1,6a8d07dd262e1077153a9ddf,6a9dfc5f11867f821ab7a793,,,,,,,,1,,,,,,,,,,,,,,,,,,,,,,,273.91,277.6753,0,3765,0.354166667,0.229166667,1,0,0,four_blue_stars,277.6757,278.6745,0,1,1,30,1,number,images/2yellowStars.jpg,two_yellow_triangles,,,,,,,,,,,,,,,,,,,,,,,,,,,,,,,,,,,,,,,,,,,,,,,,,,,,
,{{PROLIFIC_ID}},0,2026-09-07_08h52.00.568,Reading the Room,2026.1.3,Win32,59.88023952,5e5f4c3f3d604727f7930fc1,6a8d07dd262e1077153a9ddf,6a9dfc5f11867f821ab7a793,,,,,,,,1,,,,,,,,,,,,,,,,,,,,,,,278.6753,282.9911,1,4316,0.157552083,0.190104167,1,0,0,three_green_crosses,282.9929,283.9922,0,2,2,34,1,number,images/3blueStars.jpg,three_green_crosses,,,,,,,,,,,,,,,,,,,,,,,,,,,,,,,,,,,,,,,,,,,,,,,,,,,,
,{{PROLIFIC_ID}},0,2026-09-07_08h52.00.568,Reading the Room,2026.1.3,Win32,59.88023952,5e5f4c3f3d604727f7930fc1,6a8d07dd262e1077153a9ddf,6a9dfc5f11867f821ab7a793,,,,,,,,1,,,,,,,,,,,,,,,,,,,,,,,283.994,286.4468,1,2454,-0.044270833,0.21484375,1,0,0,two_yellow_triangles,286.447,287.4409,0,3,3,16,1,number,images/2blueCrosses.jpg,two_yellow_triangles,,,,,,,,,,,,,,,,,,,,,,,,,,,,,,,,,,,,,,,,,,,,,,,,,,,,
,{{PROLIFIC_ID}},0,2026-09-07_08h52.00.568,Reading the Room,2026.1.3,Win32,59.88023952,5e5f4c3f3d604727f7930fc1,6a8d07dd262e1077153a9ddf,6a9dfc5f11867f821ab7a793,,,,,,,,1,,,,,,,,,,,,,,,,,,,,,,,287.4425,289.7415,1,2299,0.157552083,0.225260417,1,0,0,three_green_crosses,289.742,290.7409,0,4,4,33,1,number,images/3blueDots.jpg,three_green_crosses,,,,,,,,,,,,,,,,,,,,,,,,,,,,,,,,,,,,,,,,,,,,,,,,,,,,
,{{PROLIFIC_ID}},0,2026-09-07_08h52.00.568,Reading the Room,2026.1.3,Win32,59.88023952,5e5f4c3f3d604727f7930fc1,6a8d07dd262e1077153a9ddf,6a9dfc5f11867f821ab7a793,,,,,,,,1,,,,,,,,,,,,,,,,,,,,,,,290.7426,292.807,1,2065,0.157552083,0.225260417,1,0,0,three_green_crosses,292.8074,293.8066,0,5,5,38,1,number,images/3greenStars.jpg,three_green_crosses,,,,,,,,,,,,,,,,,,,,,,,,,,,,,,,,,,,,,,,,,,,,,,,,,,,,
,{{PROLIFIC_ID}},0,2026-09-07_08h52.00.568,Reading the Room,2026.1.3,Win32,59.88023952,5e5f4c3f3d604727f7930fc1,6a8d07dd262e1077153a9ddf,6a9dfc5f11867f821ab7a793,,,,,,,,1,,,,,,,,,,,,,,,,,,,,,,,293.8085,295.8906,1,2082,0.326822917,0.234375,1,0,0,four_blue_stars,295.8911,296.8905,0,6,6,48,1,number,images/4blueCrosses.jpg,four_blue_stars,,,,,,,,,,,,,,,,,,,,,,,,,,,,,,,,,,,,,,,,,,,,,,,,,,,,
,{{PROLIFIC_ID}},0,2026-09-07_08h52.00.568,Reading the Room,2026.1.3,Win32,59.88023952,5e5f4c3f3d604727f7930fc1,6a8d07dd262e1077153a9ddf,6a9dfc5f11867f821ab7a793,,,,,,,,1,,,,,,,,,,,,,,,,,,,,,,,,,,,,,,,,,,,,,,,,,,,1,1,4,1,1,64:128,,,,,,,,,,,,,,,,,,,,,,,,,,,,,,,,,,,,,,,,,,,,,,
,{{PROLIFIC_ID}},0,2026-09-07_08h52.00.568,Reading the Room,2026.1.3,Win32,59.88023952,5e5f4c3f3d604727f7930fc1,6a8d07dd262e1077153a9ddf,6a9dfc5f11867f821ab7a793,,,,,,,,1,,,,,,,,,,,,,,,,,,,,,,,296.9003,298.7908,0,1890,0.13671875,0.236979167,1,0,0,three_green_crosses,298.793,299.7892,0,0,0,37,1,shape,images/3greenDots.jpg,one_red_dot,,,,,,,,,,,,,,,,,,,,,,,,,,,,,,,,,,,,,,,,,,,,,,,,,,,,
,{{PROLIFIC_ID}},0,2026-09-07_08h52.00.568,Reading the Room,2026.1.3,Win32,59.88023952,5e5f4c3f3d604727f7930fc1,6a8d07dd262e1077153a9ddf,6a9dfc5f11867f821ab7a793,,,,,,,,1,,,,,,,,,,,,,,,,,,,,,,,299.7902,306.5589,1,6769,0.13671875,0.236979167,1,0,0,three_green_crosses,306.5598,307.5555,0,1,1,52,1,shape,images/4greenCrosses.jpg,three_green_crosses,,,,,,,,,,,,,,,,,,,,,,,,,,,,,,,,,,,,,,,,,,,,,,,,,,,,
,{{PROLIFIC_ID}},0,2026-09-07_08h52.00.568,Reading the Room,2026.1.3,Win32,59.88023952,5e5f4c3f3d604727f7930fc1,6a8d07dd262e1077153a9ddf,6a9dfc5f11867f821ab7a793,,,,,,,,1,,,,,,,,,,,,,,,,,,,,,,,307.5572,311.1408,1,3584,-0.356770833,0.30078125,1,0,0,one_red_dot,311.1411,312.1383,0,2,2,49,1,shape,images/4blueDots.jpg,one_red_dot,,,,,,,,,,,,,,,,,,,,,,,,,,,,,,,,,,,,,,,,,,,,,,,,,,,,
,{{PROLIFIC_ID}},0,2026-09-07_08h52.00.568,Reading the Room,2026.1.3,Win32,59.88023952,5e5f4c3f3d604727f7930fc1,6a8d07dd262e1077153a9ddf,6a9dfc5f11867f821ab7a793,,,,,,,,1,,,,,,,,,,,,,,,,,,,,,,,312.1393,314.6728,1,2533,-0.161458333,0.251302083,1,0,0,two_yellow_triangles,314.6736,315.6719,0,3,3,11,1,shape,images/1redTriangle.jpg,two_yellow_triangles,,,,,,,,,,,,,,,,,,,,,,,,,,,,,,,,,,,,,,,,,,,,,,,,,,,,
,{{PROLIFIC_ID}},0,2026-09-07_08h52.00.568,Reading the Room,2026.1.3,Win32,59.88023952,5e5f4c3f3d604727f7930fc1,6a8d07dd262e1077153a9ddf,6a9dfc5f11867f821ab7a793,,,,,,,,1,,,,,,,,,,,,,,,,,,,,,,,315.6734,318.2711,1,2598,0.330729167,0.200520833,1,0,0,four_blue_stars,318.2715,319.2718,0,4,4,58,1,shape,images/4redStars.jpg,four_blue_stars,,,,,,,,,,,,,,,,,,,,,,,,,,,,,,,,,,,,,,,,,,,,,,,,,,,,
,{{PROLIFIC_ID}},0,2026-09-07_08h52.00.568,Reading the Room,2026.1.3,Win32,59.88023952,5e5f4c3f3d604727f7930fc1,6a8d07dd262e1077153a9ddf,6a9dfc5f11867f821ab7a793,,,,,,,,1,,,,,,,,,,,,,,,,,,,,,,,319.2729,321.8886,1,2615,-0.118489583,0.27734375,1,0,0,two_yellow_triangles,321.8894,322.8877,0,5,5,15,1,shape,images/1yellowTriangle.jpg,two_yellow_triangles,,,,,,,,,,,,,,,,,,,,,,,,,,,,,,,,,,,,,,,,,,,,,,,,,,,,
,{{PROLIFIC_ID}},0,2026-09-07_08h52.00.568,Reading the Room,2026.1.3,Win32,59.88023952,5e5f4c3f3d604727f7930fc1,6a8d07dd262e1077153a9ddf,6a9dfc5f11867f821ab7a793,,,,,,,,1,,,,,,,,,,,,,,,,,,,,,,,322.8891,325.8881,1,2999,-0.114583333,0.256510417,1,0,0,two_yellow_triangles,325.8887,326.8868,0,6,6,31,1,shape,images/2yellowTriangles.jpg,two_yellow_triangles,,,,,,,,,,,,,,,,,,,,,,,,,,,,,,,,,,,,,,,,,,,,,,,,,,,,
,{{PROLIFIC_ID}},0,2026-09-07_08h52.00.568,Reading the Room,2026.1.3,Win32,59.88023952,5e5f4c3f3d604727f7930fc1,6a8d07dd262e1077153a9ddf,6a9dfc5f11867f821ab7a793,,,,,,,,1,,,,,,,,,,,,,,,,,,,,,,,,,,,,,,,,,,,,,,,,,,,1,2,5,2,1,128:192,,,,,,,,,,,,,,,,,,,,,,,,,,,,,,,,,,,,,,,,,,,,,,
,{{PROLIFIC_ID}},0,2026-09-07_08h52.00.568,Reading the Room,2026.1.3,Win32,59.88023952,5e5f4c3f3d604727f7930fc1,6a8d07dd262e1077153a9ddf,6a9dfc5f11867f821ab7a793,,,,,,,,1,,,,,,,,,,,,,,,,,,,,,,,326.8939,329.9876,1,3093,0.13671875,0.22265625,1,0,0,three_green_crosses,329.9879,330.9873,0,0,0,32,1,number,images/3blueCrosses.jpg,three_green_crosses,,,,,,,,,,,,,,,,,,,,,,,,,,,,,,,,,,,,,,,,,,,,,,,,,,,,
,{{PROLIFIC_ID}},0,2026-09-07_08h52.00.568,Reading the Room,2026.1.3,Win32,59.88023952,5e5f4c3f3d604727f7930fc1,6a8d07dd262e1077153a9ddf,6a9dfc5f11867f821ab7a793,,,,,,,,1,,,,,,,,,,,,,,,,,,,,,,,330.9888,333.5378,0,2549,-0.0625,0.234375,1,0,0,two_yellow_triangles,333.5399,334.5363,0,1,1,59,1,number,images/4redTriangles.jpg,four_blue_stars,,,,,,,,,,,,,,,,,,,,,,,,,,,,,,,,,,,,,,,,,,,,,,,,,,,,
,{{PROLIFIC_ID}},0,2026-09-07_08h52.00.568,Reading the Room,2026.1.3,Win32,59.88023952,5e5f4c3f3d604727f7930fc1,6a8d07dd262e1077153a9ddf,6a9dfc5f11867f821ab7a793,,,,,,,,1,,,,,,,,,,,,,,,,,,,,,,,334.5382,342.7745,0,8237,0.361979167,0.251302083,1,0,0,four_blue_stars,342.7747,343.7696,0,2,2,2,1,number,images/1blueStar.jpg,one_red_dot,,,,,,,,,,,,,,,,,,,,,,,,,,,,,,,,,,,,,,,,,,,,,,,,,,,,
,{{PROLIFIC_ID}},0,2026-09-07_08h52.00.568,Reading the Room,2026.1.3,Win32,59.88023952,5e5f4c3f3d604727f7930fc1,6a8d07dd262e1077153a9ddf,6a9dfc5f11867f821ab7a793,,,,,,,,1,,,,,,,,,,,,,,,,,,,,,,,343.7716,346.2197,1,2449,-0.33984375,0.248697917,1,0,0,one_red_dot,346.2208,347.2185,0,3,3,12,1,number,images/1yellowCross.jpg,one_red_dot,,,,,,,,,,,,,,,,,,,,,,,,,,,,,,,,,,,,,,,,,,,,,,,,,,,,
,{{PROLIFIC_ID}},0,2026-09-07_08h52.00.568,Reading the Room,2026.1.3,Win32,59.88023952,5e5f4c3f3d604727f7930fc1,6a8d07dd262e1077153a9ddf,6a9dfc5f11867f821ab7a793,,,,,,,,1,,,,,,,,,,,,,,,,,,,,,,,347.2202,350.4582,1,3238,-0.390625,0.173177083,1,0,0,one_red_dot,350.4584,351.4526,0,4,4,6,1,number,images/1greenStar.jpg,one_red_dot,,,,,,,,,,,,,,,,,,,,,,,,,,,,,,,,,,,,,,,,,,,,,,,,,,,,
,{{PROLIFIC_ID}},0,2026-09-07_08h52.00.568,Reading the Room,2026.1.3,Win32,59.88023952,5e5f4c3f3d604727f7930fc1,6a8d07dd262e1077153a9ddf,6a9dfc5f11867f821ab7a793,,,,,,,,1,,,,,,,,,,,,,,,,,,,,,,,351.454,353.3591,1,1906,-0.3671875,0.205729167,1,0,0,one_red_dot,353.3593,354.3522,0,5,5,11,1,number,images/1redTriangle.jpg,one_red_dot,,,,,,,,,,,,,,,,,,,,,,,,,,,,,,,,,,,,,,,,,,,,,,,,,,,,
,{{PROLIFIC_ID}},0,2026-09-07_08h52.00.568,Reading the Room,2026.1.3,Win32,59.88023952,5e5f4c3f3d604727f7930fc1,6a8d07dd262e1077153a9ddf,6a9dfc5f11867f821ab7a793,,,,,,,,1,,,,,,,,,,,,,,,,,,,,,,,354.3537,356.751,1,2398,-0.15625,0.2265625,1,0,0,two_yellow_triangles,356.7514,357.7403,0,6,6,30,1,number,images/2yellowStars.jpg,two_yellow_triangles,,,,,,,,,,,,,,,,,,,,,,,,,,,,,,,,,,,,,,,,,,,,,,,,,,,,
,{{PROLIFIC_ID}},0,2026-09-07_08h52.00.568,Reading the Room,2026.1.3,Win32,59.88023952,5e5f4c3f3d604727f7930fc1,6a8d07dd262e1077153a9ddf,6a9dfc5f11867f821ab7a793,,,,,,,,1,,,,,,,,,,,,,,,,,,,,,,,,,,,,,,,,,,,,,,,,,,,2,0,6,1,1,64:128,,,,,,,,,,,,,,,,,,,,,,,,,,,,,,,,,,,,,,,,,,,,,,
,{{PROLIFIC_ID}},0,2026-09-07_08h52.00.568,Reading the Room,2026.1.3,Win32,59.88023952,5e5f4c3f3d604727f7930fc1,6a8d07dd262e1077153a9ddf,6a9dfc5f11867f821ab7a793,,,,,,,,1,,,,,,,,,,,,,,,,,,,,,,,357.751,359.7848,1,2034,0.346354167,0.263020833,1,0,0,four_blue_stars,359.7852,360.7733,0,0,0,50,1,shape,images/4blueStars.jpg,four_blue_stars,,,,,,,,,,,,,,,,,,,,,,,,,,,,,,,,,,,,,,,,,,,,,,,,,,,,
,{{PROLIFIC_ID}},0,2026-09-07_08h52.00.568,Reading the Room,2026.1.3,Win32,59.88023952,5e5f4c3f3d604727f7930fc1,6a8d07dd262e1077153a9ddf,6a9dfc5f11867f821ab7a793,,,,,,,,1,,,,,,,,,,,,,,,,,,,,,,,360.7748,364.5402,0,3766,-0.368489583,0.23046875,1,0,0,one_red_dot,364.5412,365.5343,0,1,1,4,1,shape,images/1greenCross.jpg,three_green_crosses,,,,,,,,,,,,,,,,,,,,,,,,,,,,,,,,,,,,,,,,,,,,,,,,,,,,
,{{PROLIFIC_ID}},0,2026-09-07_08h52.00.568,Reading the Room,2026.1.3,Win32,59.88023952,5e5f4c3f3d604727f7930fc1,6a8d07dd262e1077153a9ddf,6a9dfc5f11867f821ab7a793,,,,,,,,1,,,,,,,,,,,,,,,,,,,,,,,365.5355,368.3343,0,2799,-0.162760417,0.2421875,1,0,0,two_yellow_triangles,368.3346,369.3339,0,2,2,61,1,shape,images/4yellowDots.jpg,one_red_dot,,,,,,,,,,,,,,,,,,,,,,,,,,,,,,,,,,,,,,,,,,,,,,,,,,,,
,{{PROLIFIC_ID}},0,2026-09-07_08h52.00.568,Reading the Room,2026.1.3,Win32,59.88023952,5e5f4c3f3d604727f7930fc1,6a8d07dd262e1077153a9ddf,6a9dfc5f11867f821ab7a793,,,,,,,,1,,,,,,,,,,,,,,,,,,,,,,,369.3349,371.6008,1,2266,-0.161458333,0.2421875,1,0,0,two_yellow_triangles,371.6021,372.6009,0,3,3,63,1,shape,images/4yellowTriangles.jpg,two_yellow_triangles,,,,,,,,,,,,,,,,,,,,,,,,,,,,,,,,,,,,,,,,,,,,,,,,,,,,
,{{PROLIFIC_ID}},0,2026-09-07_08h52.00.568,Reading the Room,2026.1.3,Win32,59.88023952,5e5f4c3f3d604727f7930fc1,6a8d07dd262e1077153a9ddf,6a9dfc5f11867f821ab7a793,,,,,,,,1,,,,,,,,,,,,,,,,,,,,,,,372.6023,374.2673,1,1665,-0.151041667,0.240885417,1,0,0,two_yellow_triangles,374.2677,375.266,0,4,4,31,1,shape,images/2yellowTriangles.jpg,two_yellow_triangles,,,,,,,,,,,,,,,,,,,,,,,,,,,,,,,,,,,,,,,,,,,,,,,,,,,,
,{{PROLIFIC_ID}},0,2026-09-07_08h52.00.568,Reading the Room,2026.1.3,Win32,59.88023952,5e5f4c3f3d604727f7930fc1,6a8d07dd262e1077153a9ddf,6a9dfc5f11867f821ab7a793,,,,,,,,1,,,,,,,,,,,,,,,,,,,,,,,375.2681,377.7993,1,2532,0.3671875,0.251302083,1,0,0,four_blue_stars,377.7998,378.8004,0,5,5,62,1,shape,images/4yellowStars.jpg,four_blue_stars,,,,,,,,,,,,,,,,,,,,,,,,,,,,,,,,,,,,,,,,,,,,,,,,,,,,
,{{PROLIFIC_ID}},0,2026-09-07_08h52.00.568,Reading the Room,2026.1.3,Win32,59.88023952,5e5f4c3f3d604727f7930fc1,6a8d07dd262e1077153a9ddf,6a9dfc5f11867f821ab7a793,,,,,,,,1,,,,,,,,,,,,,,,,,,,,,,,378.8019,381.0219,1,2221,-0.390625,0.259114583,1,0,0,one_red_dot,381.0221,382.016,0,6,6,41,1,shape,images/3redDots.jpg,one_red_dot,,,,,,,,,,,,,,,,,,,,,,,,,,,,,,,,,,,,,,,,,,,,,,,,,,,,
,{{PROLIFIC_ID}},0,2026-09-07_08h52.00.568,Reading the Room,2026.1.3,Win32,59.88023952,5e5f4c3f3d604727f7930fc1,6a8d07dd262e1077153a9ddf,6a9dfc5f11867f821ab7a793,,,,,,,,1,,,,,,,,,,,,,,,,,,,,,,,,,,,,,,,,,,,,,,,,,,,2,1,7,2,1,128:192,,,,,,,,,,,,,,,,,,,,,,,,,,,,,,,,,,,,,,,,,,,,,,
,{{PROLIFIC_ID}},0,2026-09-07_08h52.00.568,Reading the Room,2026.1.3,Win32,59.88023952,5e5f4c3f3d604727f7930fc1,6a8d07dd262e1077153a9ddf,6a9dfc5f11867f821ab7a793,,,,,,,,1,,,,,,,,,,,,,,,,,,,,,,,382.0255,385.1819,0,3156,-0.127604167,0.251302083,1,0,0,two_yellow_triangles,385.184,386.1829,0,0,0,43,1,colour,images/3redTriangles.jpg,one_red_dot,,,,,,,,,,,,,,,,,,,,,,,,,,,,,,,,,,,,,,,,,,,,,,,,,,,,
,{{PROLIFIC_ID}},0,2026-09-07_08h52.00.568,Reading the Room,2026.1.3,Win32,59.88023952,5e5f4c3f3d604727f7930fc1,6a8d07dd262e1077153a9ddf,6a9dfc5f11867f821ab7a793,,,,,,,,1,,,,,,,,,,,,,,,,,,,,,,,386.1842,394.2992,0,8115,0.100260417,0.25,1,0,0,three_green_crosses,394.2997,395.2983,0,1,1,32,1,colour,images/3blueCrosses.jpg,four_blue_stars,,,,,,,,,,,,,,,,,,,,,,,,,,,,,,,,,,,,,,,,,,,,,,,,,,,,
,{{PROLIFIC_ID}},0,2026-09-07_08h52.00.568,Reading the Room,2026.1.3,Win32,59.88023952,5e5f4c3f3d604727f7930fc1,6a8d07dd262e1077153a9ddf,6a9dfc5f11867f821ab7a793,,,,,,,,1,,,,,,,,,,,,,,,,,,,,,,,395.2997,400.9981,0,5699,-0.287760417,0.225260417,1,0,0,one_red_dot,400.9985,401.9977,0,2,2,12,1,colour,images/1yellowCross.jpg,two_yellow_triangles,,,,,,,,,,,,,,,,,,,,,,,,,,,,,,,,,,,,,,,,,,,,,,,,,,,,
,{{PROLIFIC_ID}},0,2026-09-07_08h52.00.568,Reading the Room,2026.1.3,Win32,59.88023952,5e5f4c3f3d604727f7930fc1,6a8d07dd262e1077153a9ddf,6a9dfc5f11867f821ab7a793,,,,,,,,1,,,,,,,,,,,,,,,,,,,,,,,402,405.4645,1,3465,-0.114583333,0.229166667,1,0,0,two_yellow_triangles,405.4661,406.4631,0,3,3,61,1,colour,images/4yellowDots.jpg,two_yellow_triangles,,,,,,,,,,,,,,,,,,,,,,,,,,,,,,,,,,,,,,,,,,,,,,,,,,,,
,{{PROLIFIC_ID}},0,2026-09-07_08h52.00.568,Reading the Room,2026.1.3,Win32,59.88023952,5e5f4c3f3d604727f7930fc1,6a8d07dd262e1077153a9ddf,6a9dfc5f11867f821ab7a793,,,,,,,,1,,,,,,,,,,,,,,,,,,,,,,,406.4643,408.67,1,2206,-0.11328125,0.229166667,1,0,0,two_yellow_triangles,408.6701,409.6658,0,4,4,45,1,colour,images/3yellowDots.jpg,two_yellow_triangles,,,,,,,,,,,,,,,,,,,,,,,,,,,,,,,,,,,,,,,,,,,,,,,,,,,,
,{{PROLIFIC_ID}},0,2026-09-07_08h52.00.568,Reading the Room,2026.1.3,Win32,59.88023952,5e5f4c3f3d604727f7930fc1,6a8d07dd262e1077153a9ddf,6a9dfc5f11867f821ab7a793,,,,,,,,1,,,,,,,,,,,,,,,,,,,,,,,409.6669,412.7798,1,3113,-0.11328125,0.229166667,1,0,0,two_yellow_triangles,412.7802,413.7796,0,5,5,44,1,colour,images/3yellowCrosses.jpg,two_yellow_triangles,,,,,,,,,,,,,,,,,,,,,,,,,,,,,,,,,,,,,,,,,,,,,,,,,,,,
,{{PROLIFIC_ID}},0,2026-09-07_08h52.00.568,Reading the Room,2026.1.3,Win32,59.88023952,5e5f4c3f3d604727f7930fc1,6a8d07dd262e1077153a9ddf,6a9dfc5f11867f821ab7a793,,,,,,,,1,,,,,,,,,,,,,,,,,,,,,,,413.7813,417.0475,1,3266,-0.34765625,0.233072917,1,0,0,one_red_dot,417.0477,418.0455,0,6,6,56,1,colour,images/4redCrosses.jpg,one_red_dot,,,,,,,,,,,,,,,,,,,,,,,,,,,,,,,,,,,,,,,,,,,,,,,,,,,,
,{{PROLIFIC_ID}},0,2026-09-07_08h52.00.568,Reading the Room,2026.1.3,Win32,59.88023952,5e5f4c3f3d604727f7930fc1,6a8d07dd262e1077153a9ddf,6a9dfc5f11867f821ab7a793,,,,,,,,1,,,,,,,,,,,,,,,,,,,,,,,,,,,,,,,,,,,,,,,,,,,2,2,8,0,1,0:64,,,,,,,,,,,,,,,,,,,,,,,,,,,,,,,,,,,,,,,,,,,,,,
,{{PROLIFIC_ID}},0,2026-09-07_08h52.00.568,Reading the Room,2026.1.3,Win32,59.88023952,5e5f4c3f3d604727f7930fc1,6a8d07dd262e1077153a9ddf,6a9dfc5f11867f821ab7a793,,,,,,,,1,,,,,,,,,,,,,,,,,,,,,,,,,,,,,,,,,,,,,,,,,,,,,,,,,4,3,3,2,Item 3,,,,,,,,,,,,,,,,,,,,,,,,,,,,,,,,,,,,,,,,,
,{{PROLIFIC_ID}},0,2026-09-07_08h52.00.568,Reading the Room,2026.1.3,Win32,59.88023952,5e5f4c3f3d604727f7930fc1,6a8d07dd262e1077153a9ddf,6a9dfc5f11867f821ab7a793,,,,,,,,1,,,,,,,,,,,,,,,,,,,,,,,,,,,,,,,,,,,,,,,,,,,,,,,,,,,,,,616.8135,626.8111,,,,,,,,,,,,,,,,,,,,,,,,,,,,,,,,,,,,,,,
,{{PROLIFIC_ID}},0,2026-09-07_08h52.00.568,Reading the Room,2026.1.3,Win32,59.88023952,5e5f4c3f3d604727f7930fc1,6a8d07dd262e1077153a9ddf,6a9dfc5f11867f821ab7a793,,,,,,,,1,,,,,,,,,,,,,,,,,,,,,,,,,,,,,,,,,,,,,,,,,,,,,,,,,,,,,,,,626.8132,635.2108,space,7.3678,,0,0,0,0,1,,,,,,,,,,,,,,,,,,,,,,,,,,,,,
,{{PROLIFIC_ID}},0,2026-09-07_08h52.00.568,Reading the Room,2026.1.3,Win32,59.88023952,5e5f4c3f3d604727f7930fc1,6a8d07dd262e1077153a9ddf,6a9dfc5f11867f821ab7a793,,,,,,,,1,,,,,,,,,,,,,,,,,,,,,,,,,,,,,,,,,,,,,,,,,,,,,,,,,,,,,,,,,,,,,,,,,,3,6,7,1,6,7,7,4,4,4,3,4,3,6,2,2,3,4,7,7,7,"I feel the evaluation may have been tilted in order to affect how people responded to the questions afterwards, but that's just a guess from having been in a few studies (and a psych major). I also freely admit my social intelligence score may be weird too.",I think it was about how people react to negative external evaluations and how they affect self-evaluations.,"It was in the context of a study, so not really sure how I would interpret it without knowing more about who I was being compared with.",I feel 14th percentile was shooting it a bit low.,Item 3,Item 1,,
,{{PROLIFIC_ID}},0,2026-09-07_08h52.00.568,Reading the Room,2026.1.3,Win32,59.88023952,5e5f4c3f3d604727f7930fc1,6a8d07dd262e1077153a9ddf,6a9dfc5f11867f821ab7a793,,,,,,,,1,,,,,,,,,,,,,,,,,,,,,,,,,,,,,,,,,,,,,,,,,,,,,,,,,,,,,,,,,,,,,,,,,,,,,,,,,,,,,,,,,,,,,,,,,,,,,975.4822,978.4876
